Progress,Duration,Q_RecaptchaScore,Follow_Sports,Follow_Sports_Others,Special_Events,Freind_Family_Invitation,Famous_Player,Storyline_Rivalry,Halftime_Entertainment_Or_Shows,Lack_of_Interest_in_Sports,Time_Consuming,Rules_Complicated,No_Introduces,Matches_Excitement,Supporting_Favorite_Team,Specific_Players,Community_Camaraderie,Sports_Related_Content_n_News_Engagement,Info_about_MLS,Info_about_MLS_Others,Follow_MLS_or_not,Follow_MLS_Since,Why_Follow_MLS,MLS_Fan_Time,Favorite_MLS_team_ and_why,Favorite_Players,Watch_MLS games,Watch_MLS games_Others,MLS_Ticket_Plan,MLS_Season_Ticket_Price,MLS_Monthly_Ticket_Price,MLS_Single_Game_Ticket_Price,MLS_Ticket_Plan_Others,MLS_online_livestream_plan ,MLS_online_livestream_Season_Payment_Price,MLS_online_livestream_Monthly_Payment_Price,MLS_online_livestream_Single_Game_Payment_Price,MLS_online_livestream_plan_Other_Price,MLS_Improvements,MLS_Improvements,No_MLS_Lack_of_interest_in _sports,No_MLS_Unfamiliar_with_rules_of_soccer,No_MLS_have_other_preferred _sports,No_MLS_have_other_preferred _sports_name,Potential_Reason_to_MLS,Potential_Reason_to_MLS_Others,Watch_Other_Pro_Sports,Other_Watch_Other_Pro_Sports,How_Watch_Other_Pro_Sports,Other_How_Watch_Other_Pro_Sports,Other_Ticket_Plan,Other_Ticket_Plan_Season_Ticket_Price,Other_Ticket_Plan_Monthly_Ticke_Price,Other_Ticket_Plan_Single_Game_Ticket_Price,Other_Ticket_Plan_Others,Other_online_livestream_plan,Other_online_livestream_plan_Season_Payment_Price,Other_online_livestream_plan_Montly_Payment_Price,Other_online_livestream_plan_Single_Game_Payment_Price,Other_online_livestream_plan_Others_Price,Age,Gender,Ethnicity,Ethnicity_Other,Employment_Status,Employment_Status_Other,Annual_Household_Income,Additional_Comments,Follow_Sports_Dummy
100,69,0.899999976,No,,Somewhat Unlikely,Somewhat Likely,Somewhat Unlikely,Somewhat Unlikely,Somewhat Likely,Neutral,Somewhat Challenge,Slightly Challenging,Slightly Challenging,,,,,,,,,,,,,,,,,,,,,,,,,,,,Somewhat Significant,Slightly Significiant,Neutral,,"Rooting for local teams,The fast-paced nature of MLS games",,None,,,,,,,,,,,,,,25-34,Female,White or Caucasian,,Employed part-time,,"$25,000 - $49,999",,0
100,58,0.899999976,No,,Somewhat Likely,Somewhat Unlikely,Very Unlikely,Very Unlikely,Somewhat Likely,Very Challenging,Very Challenging,Not Challenging at all,Not Challenging at all,,,,,,,,,,,,,,,,,,,,,,,,,,,,Extremely Significant,Somewhat Significant,Not significant at all,,"Marketing and advertising campaigns,Other (please specify)",interesting halftime performers,None,,,,,,,,,,,,,,18-24,Male,White or Caucasian,,Employed full-time,,"$75,000 - $99,999",,0
100,91,0.899999976,"Baseball,Ice Hockey,Soccer",,,,,,,,,,,Very Exciting,Very Exciting,Very Exciting,Very Exciting,Somewhat Exciting,Social media,,No,,,,,,,,,,,,,,,,,,,,Slightly Significiant,Not significant at all,Somewhat Significant,"Hockey, baseball, football",Rooting for local teams,,"MLB,NHL,NFL",,"Go to the court/stadium..., etc.,Watch TV",,Single Game Ticket,,,50,,,,,,,25-34,Male,White or Caucasian,,Employed full-time,,"$100,000 - $149,999",,1
100,121,0.899999976,"Basketball,Ice Hockey",,,,,,,,,,,Not Exciting at all,Slightly Exciting,Not Exciting at all,Not Exciting at all,Not Exciting at all,"Television broadcasts,Online news websites",,No,,,,,,,,,,,,,,,,,,,,Slightly Significiant,Somewhat Significant,Not significant at all,,The fast-paced nature of MLS games,,"MLB,NBA,NHL,NFL",,Watch TV,,,,,,,,,,,,35-44,Male,White or Caucasian,,Employed full-time,,"$150,000 or more",,1
100,147,0.899999976,No,,Somewhat Likely,Very Likely,Somewhat Unlikely,Somewhat Unlikely,Neutral,Very Challenging,Somewhat Challenge,Neutral,Not Challenging at all,,,,,,,,,,,,,,,,,,,,,,,,,,,,Somewhat Significant,Somewhat Significant,Not significant at all,,Rooting for local teams,,NFL,,Watch TV,,,,,,,,,,,,35-44,Female,White or Caucasian,,Employed part-time,,"$150,000 or more",,0
100,124,0.899999976,"Baseball,Tennis",,,,,,,,,,,Very Exciting,Very Exciting,Very Exciting,Very Exciting,Very Exciting,Television broadcasts,,Yes,2012,the world cup,1-5 years,,,Watch TV,,,,,,,,,,,,Lower ticket prices,,,,,,,,NFL,,Watch TV,,,,,,,,,,,,35-44,Female,White or Caucasian,,Employed full-time,,"$100,000 - $149,999",,1
100,153,0.899999976,"Basketball,Ice Hockey,Soccer",,,,,,,,,,,Very Exciting,Very Exciting,Very Exciting,Very Exciting,Very Exciting,"Online news websites,Social media,MLS official website or app",,Yes,2023,messi,Less than a year,Inter miami because Messi plays in that team.,Messi,Watch online livestreams,,,,,,,Season Payment,free,,,,"Lower ticket prices, Enhanced stadium amenities and services, Increased accessibility to watch games (TV, online streaming)",,,,,,,,"MLB,NBA,NHL,NFL",,Watch online livestreams,,,,,,,Season Payment,free,,,,25-34,Male,American Indian or Alaska Native,,Unemployed,,"$50,000 - $74,999",,1
100,168,0.899999976,No,,Somewhat Likely,Somewhat Likely,Very Unlikely,Very Unlikely,Somewhat Likely,Somewhat Challenge,Neutral,Not Challenging at all,Not Challenging at all,,,,,,,,,,,,,,,,,,,,,,,,,,,,Somewhat Significant,Somewhat Significant,Not significant at all,,Marketing and advertising campaigns,,None,,,,,,,,,,,,,,25-34,Female,White or Caucasian,,Employed full-time,,"$25,000 - $49,999",,0
100,89,0.899999976,No,,Somewhat Likely,Somewhat Likely,Neutral,Very Likely,Somewhat Likely,Very Challenging,Very Challenging,Not Challenging at all,Not Challenging at all,,,,,,,,,,,,,,,,,,,,,,,,,,,,Extremely Significant,Not significant at all,Neutral,,"Rooting for local teams,Marketing and advertising campaigns",,None,,,,,,,,,,,,,,25-34,Male,White or Caucasian,,Unemployed,,"$100,000 - $149,999",,0
100,140,0.899999976,"Baseball,Golf,Others(Please specify, and the answer can be more than one sport)",Football,,,,,,,,,,Somewhat Exciting,Very Exciting,Very Exciting,Somewhat Exciting,Somewhat Exciting,"Television broadcasts,Online news websites,Social media",,No,,,,,,,,,,,,,,,,,,,,Slightly Significiant,Slightly Significiant,Neutral,,"Pure love of soccer,Rooting for local teams,The fast-paced nature of MLS games",,"MLB,NHL,NFL,PGA",,"Watch TV,Watch online livestreams",,,,,,,Season Payment,300,,,,35-44,Male,White or Caucasian,,Employed full-time,,"$100,000 - $149,999",,1
100,87,0.899999976,No,,Somewhat Likely,Somewhat Likely,Somewhat Unlikely,Somewhat Unlikely,Neutral,Somewhat Challenge,Neutral,Slightly Challenging,Not Challenging at all,,,,,,,,,,,,,,,,,,,,,,,,,,,,Somewhat Significant,Slightly Significiant,Not significant at all,,Rooting for local teams,,None,,,,,,,,,,,,,,45-54,Female,White or Caucasian,,Employed full-time,,"$75,000 - $99,999",,0
100,178,0.699999988,Baseball,,,,,,,,,,,Slightly Exciting,Neutral,Slightly Exciting,Neutral,Slightly Exciting,Social media,,No,,,,,,,,,,,,,,,,,,,,Slightly Significiant,Neutral,Slightly Significiant,,The fast-paced nature of MLS games,,NBA,,Watch TV,,,,,,,,,,,,25-34,Male,White or Caucasian,,Employed part-time,,"$100,000 - $149,999",,1
100,149,0.899999976,No,,Somewhat Likely,Somewhat Likely,Somewhat Unlikely,Somewhat Likely,Somewhat Likely,Slightly Challenging,Somewhat Challenge,Slightly Challenging,Not Challenging at all,,,,,,,,,,,,,,,,,,,,,,,,,,,,Slightly Significiant,Somewhat Significant,Not significant at all,,Other (please specify),curiosity about what the fuss is all about,NFL,,Watch TV,,,,,,,,,,,,55-64,Female,White or Caucasian,,Other (please specify),self employed,"$25,000 - $49,999",,0
100,166,0.699999988,Tennis,,,,,,,,,,,Slightly Exciting,Not Exciting at all,Slightly Exciting,Not Exciting at all,Neutral,Social media,,No,,,,,,,,,,,,,,,,,,,,Slightly Significiant,Not significant at all,Neutral,,"Rooting for local teams,The fast-paced nature of MLS games",,"NBA,PGA",,Watch TV,,,,,,,,,,,,25-34,Female,Black or African American,,Employed full-time,,"$100,000 - $149,999",,1
100,175,0.899999976,"Basketball,Baseball,Soccer,Others(Please specify, and the answer can be more than one sport)","Football, curling",,,,,,,,,,Somewhat Exciting,Somewhat Exciting,Somewhat Exciting,Neutral,Neutral,Social media,,No,,,,,,,,,,,,,,,,,,,,Not significant at all,Not significant at all,Extremely Significant,basketball and football mostly,"Rooting for local teams,Other (please specify)",The talent concentration in the league,"NBA,NFL",,"Go to the court/stadium..., etc.,Watch TV,Watch online livestreams",,Single Game Ticket,,,80,,Monthly Payment,,70/month for YouTube TV,,,25-34,Male,White or Caucasian,,Employed full-time,,"$150,000 or more",,1
100,191,0.899999976,Basketball,,,,,,,,,,,Very Exciting,Very Exciting,Very Exciting,Somewhat Exciting,Somewhat Exciting,"Television broadcasts,Online news websites,Social media",,No,,,,,,,,,,,,,,,,,,,,Neutral,Extremely Significant,Extremely Significant,"NFL, F1",The fast-paced nature of MLS games,,NFL,,"Watch TV,Watch online livestreams",,,,,,,Season Payment,$10,,,,45-54,Male,White or Caucasian,,Unemployed,,"$25,000 - $49,999",,1
100,89,0.899999976,No,,Somewhat Likely,Somewhat Likely,Very Unlikely,Very Unlikely,Somewhat Likely,Very Challenging,Very Challenging,Not Challenging at all,Not Challenging at all,,,,,,,,,,,,,,,,,,,,,,,,,,,,Extremely Significant,Neutral,Neutral,,Rooting for local teams,,None,,,,,,,,,,,,,,35-44,Female,White or Caucasian,,Unemployed,,"$75,000 - $99,999",,0
100,179,0.899999976,"Others(Please specify, and the answer can be more than one sport)",boxing,,,,,,,,,,Very Exciting,Somewhat Exciting,Somewhat Exciting,Neutral,Slightly Exciting,Social media,,No,,,,,,,,,,,,,,,,,,,,Extremely Significant,Slightly Significiant,Extremely Significant,,The fast-paced nature of MLS games,,"Other, please specify",boxing,"Watch TV,Watch online livestreams",,,,,,,Season Payment,11.99,,,,45-54,Male,White or Caucasian,,Employed full-time,,"$100,000 - $149,999",,1
100,159,0.5,"Others(Please specify, and the answer can be more than one sport)","Football, sailing",,,,,,,,,,Slightly Exciting,Slightly Exciting,Slightly Exciting,Slightly Exciting,Somewhat Exciting,Social media,,No,,,,,,,,,,,,,,,,,,,,Somewhat Significant,Not significant at all,Somewhat Significant,"Football, sailing",Rooting for local teams,,NFL,,"Go to the court/stadium..., etc.,Watch TV",,Single Game Ticket,,,80,,,,,,,25-34,Male,White or Caucasian,,Employed full-time,,"$25,000 - $49,999",,1
100,189,0.899999976,Soccer,,,,,,,,,,,Somewhat Exciting,Somewhat Exciting,Neutral,Very Exciting,Neutral,Other (please specify),Radio,Yes,2003,Living in DC and having friends that went to DC United games.,More than 10 years,DC United,n/a,"Other, please specify",Youtube highlights,,,,,,,,,,," Enhanced stadium amenities and services, Other (please specify)",Higher quality games,,,,,,,None,,,,,,,,,,,,,,45-54,Male,White or Caucasian,,Employed full-time,,"$150,000 or more",,1
100,149,0.899999976,"Basketball,Baseball,Others(Please specify, and the answer can be more than one sport)",FOOTBALL,,,,,,,,,,Very Exciting,Very Exciting,Very Exciting,Very Exciting,Very Exciting,"Online news websites,Social media,Word of mouth (friends, family)",,Yes,2007,New Team,More than 10 years,Houston Dynamo,,Watch online livestreams,,,,,,,Others,,,,Fubo TV,"Lower ticket prices, Enhanced stadium amenities and services, Better marketing and promotion of MLS",,,,,,,,"MLB,NBA,NFL",,"Watch TV,Watch online livestreams",,,,,,,Monthly Payment,,50,,,25-34,Male,Other,Latino,Employed full-time,,"$25,000 - $49,999",,1
100,113,0.899999976,Baseball,,,,,,,,,,,Somewhat Exciting,Very Exciting,Very Exciting,Somewhat Exciting,Neutral,"Online news websites,Social media",,No,,,,,,,,,,,,,,,,,,,,Slightly Significiant,Neutral,Somewhat Significant,,Rooting for local teams,,MLB,,"Go to the court/stadium..., etc.,Watch TV,Watch online livestreams",,Single Game Ticket,,,20,,Others,,,,0,25-34,Male,Asian,,Unemployed,,"$50,000 - $74,999",,1
100,159,0.899999976,"Basketball,Baseball,Others(Please specify, and the answer can be more than one sport)",Football,,,,,,,,,,Somewhat Exciting,Somewhat Exciting,Very Exciting,Slightly Exciting,Slightly Exciting,Never,,No,,,,,,,,,,,,,,,,,,,,Not significant at all,Not significant at all,Extremely Significant,,The fast-paced nature of MLS games,,"MLB,NBA,NHL,NFL",,"Go to the court/stadium..., etc.,Watch TV,Watch online livestreams",,Single Game Ticket,,,20,,Monthly Payment,,15,,,25-34,Male,White or Caucasian,,Employed full-time,,"$150,000 or more",,1
100,123,0.899999976,No,,Somewhat Likely,Somewhat Likely,Neutral,Somewhat Likely,Somewhat Likely,Somewhat Challenge,Somewhat Challenge,Somewhat Challenge,Neutral,,,,,,,,,,,,,,,,,,,,,,,,,,,,Somewhat Significant,Somewhat Significant,Neutral,,Marketing and advertising campaigns,,"MLB,NBA,NHL,NFL,PGA,WNBA",,"Go to the court/stadium..., etc.,Watch TV",,Single Game Ticket,,,100,,,,,,,25-34,Female,White or Caucasian,,Employed full-time,,"$150,000 or more",,0
100,127,0.899999976,"Basketball,Baseball,Ice Hockey,Golf,Tennis",,,,,,,,,,,Very Exciting,Very Exciting,Very Exciting,Very Exciting,Very Exciting,Never,,No,,,,,,,,,,,,,,,,,,,,Extremely Significant,Extremely Significant,Extremely Significant,,Other (please specify),no internets in soccer,"MLB,NBA,NHL,NFL,PGA",,"Go to the court/stadium..., etc.,Watch TV",,Season Ticket,3000,,,,,,,,,45-54,Male,White or Caucasian,,Employed full-time,,"$100,000 - $149,999",,1
100,191,0.899999976,"Basketball,Others(Please specify, and the answer can be more than one sport)",Football (NFL),,,,,,,,,,Very Exciting,Very Exciting,Very Exciting,Somewhat Exciting,Somewhat Exciting,"Online news websites,Social media,Word of mouth (friends, family)",,No,,,,,,,,,,,,,,,,,,,,Not significant at all,Slightly Significiant,Extremely Significant,"NFL, NBA","Rooting for local teams,Marketing and advertising campaigns,The fast-paced nature of MLS games",,"NBA,NFL",,Watch TV,,,,,,,,,,,,35-44,Male,White or Caucasian,,Employed full-time,,"$150,000 or more",,1
100,137,0.899999976,"Basketball,Tennis,Soccer",,,,,,,,,,,Somewhat Exciting,Somewhat Exciting,Somewhat Exciting,Neutral,Neutral,"Television broadcasts,Word of mouth (friends, family)",,No,,,,,,,,,,,,,,,,,,,,Somewhat Significant,Not significant at all,Not significant at all,,"Pure love of soccer,Rooting for local teams,The fast-paced nature of MLS games,The diverse composition of MLS teams",,NFL,,Watch TV,,,,,,,,,,,,45-54,Male,White or Caucasian,,Employed full-time,,"$150,000 or more",,1
100,147,0.899999976,No,,Somewhat Likely,Somewhat Likely,Neutral,Neutral,Somewhat Unlikely,Very Challenging,Somewhat Challenge,Neutral,Neutral,,,,,,,,,,,,,,,,,,,,,,,,,,,,Extremely Significant,Extremely Significant,Neutral,,Rooting for local teams,,None,,,,,,,,,,,,,,35-44,Female,White or Caucasian,,Employed part-time,,"$50,000 - $74,999",,0
100,191,0.800000012,"Others(Please specify, and the answer can be more than one sport)","football, formula 1, alpine skiing",,,,,,,,,,Somewhat Exciting,Very Exciting,Somewhat Exciting,Somewhat Exciting,Not Exciting at all,Television broadcasts,,No,,,,,,,,,,,,,,,,,,,,Not significant at all,Slightly Significiant,Extremely Significant,nfl,Other (please specify),not interested,"NHL,NFL,Other, please specify",formula 1,Watch TV,,,,,,,,,,,,55-64,Male,White or Caucasian,,Employed full-time,,"Under $25,000",it is too expensive to be a fan of professional sports,1
100,103,0.899999976,"Basketball,Baseball,Tennis,Soccer",,,,,,,,,,,Somewhat Exciting,Somewhat Exciting,Somewhat Exciting,Very Exciting,Somewhat Exciting,"Television broadcasts,Online news websites,Social media",,Yes,2015,I moved to Kansas City,6-10 years,Sporting KC,Zusi ,Watch TV,,,,,,,,,,,,"Lower ticket prices, Enhanced stadium amenities and services, More interactive fan engagement activities, Better marketing and promotion of MLS, Increased accessibility to watch games (TV, online streaming)",,,,,,,,"MLB,NBA,NFL",,Watch TV,,,,,,,,,,,,35-44,Male,Asian,,Employed full-time,,"$150,000 or more",,1
100,119,0.899999976,Basketball,,,,,,,,,,,Very Exciting,Very Exciting,Very Exciting,Very Exciting,Very Exciting,"Television broadcasts,Online news websites,Social media",,Yes,2020,friends,1-5 years,,,Watch online livestreams,,,,,,,Others,,,,watch at friend's house,Lower ticket prices,,,,,,,,"NBA,NFL",,Watch online livestreams,,,,,,,Others,,,,watch with friends,25-34,Male,Asian,,Employed part-time,,"$75,000 - $99,999",,1
100,189,0.899999976,"Basketball,Tennis,Soccer,Others(Please specify, and the answer can be more than one sport)",volleyball,,,,,,,,,,Somewhat Exciting,Very Exciting,Somewhat Exciting,Very Exciting,Neutral,"Television broadcasts,Online news websites",,No,,,,,,,,,,,,,,,,,,,,Somewhat Significant,Neutral,Extremely Significant,volleyball,The diverse composition of MLS teams,,"NBA,WNBA",,"Watch TV,Watch online livestreams",,,,,,,Others,,,,$10,25-34,Female,"Black or African American,Asian",,Student,,"$25,000 - $49,999",,1
100,160,0.899999976,"Basketball,Baseball,Ice Hockey",,,,,,,,,,,Somewhat Exciting,Very Exciting,Somewhat Exciting,Somewhat Exciting,Somewhat Exciting,"Television broadcasts,Online news websites,MLS official website or app",,Yes,2023,san diego is getting a team,Less than a year,san diego fc,,Watch TV,,,,,,,,,,,,"Lower ticket prices, Better marketing and promotion of MLS, Increased accessibility to watch games (TV, online streaming)",,,,,,,,"MLB,NHL,NFL",,"Go to the court/stadium..., etc.,Watch TV",,Single Game Ticket,,,100,,,,,,,45-54,Male,White or Caucasian,,Retired,,"$150,000 or more",na,1
100,73,0.5,No,,Somewhat Likely,Somewhat Likely,Very Unlikely,Somewhat Unlikely,Very Unlikely,Very Challenging,Neutral,Not Challenging at all,Not Challenging at all,,,,,,,,,,,,,,,,,,,,,,,,,,,,Extremely Significant,Not significant at all,Not significant at all,,"Rooting for local teams,The fast-paced nature of MLS games",,None,,,,,,,,,,,,,,35-44,Male,White or Caucasian,,Unemployed,,"$50,000 - $74,999",,0
100,274,0.699999988,Basketball,,,,,,,,,,,Somewhat Exciting,Very Exciting,Very Exciting,Somewhat Exciting,Very Exciting,Social media,,Yes,2023,because of something on social media,Less than a year,Inter Miami because of messi,,Watch TV,,,,,,,,,,,," Increased accessibility to watch games (TV, online streaming)",,,,,,,,NBA,,Watch TV,,,,,,,,,,,,18-24,Male,White or Caucasian,,Employed part-time,,"$100,000 - $149,999",,1
100,230,0.899999976,"Basketball,Baseball,Soccer",,,,,,,,,,,Very Exciting,Very Exciting,Very Exciting,Very Exciting,Very Exciting,"Television broadcasts,Social media",,Yes,2009,Friends got me into it,More than 10 years,,,Watch TV,,,,,,,,,,,, Enhanced stadium amenities and services,,,,,,,,"MLB,NBA,NFL",,Watch TV,,,,,,,,,,,,35-44,Male,Black or African American,,Unemployed,,"Under $25,000",,1
100,185,0.899999976,"Baseball,Others(Please specify, and the answer can be more than one sport)",football,,,,,,,,,,Neutral,Neutral,Neutral,Somewhat Exciting,Somewhat Exciting,Television broadcasts,,No,,,,,,,,,,,,,,,,,,,,Slightly Significiant,Slightly Significiant,Slightly Significiant,,Rooting for local teams,,NFL,,Watch TV,,,,,,,,,,,,65 or over,Male,White or Caucasian,,Retired,,"$150,000 or more",,1
100,180,0.899999976,"Basketball,Baseball,Others(Please specify, and the answer can be more than one sport)","Gymnastics, Football",,,,,,,,,,Somewhat Exciting,Very Exciting,Somewhat Exciting,Very Exciting,Somewhat Exciting,Social media,,No,,,,,,,,,,,,,,,,,,,,Somewhat Significant,Not significant at all,Somewhat Significant,,"Rooting for local teams,The diverse composition of MLS teams",,"MLB,NBA,NFL",,"Go to the court/stadium..., etc.,Watch TV",,Single Game Ticket,,,60,,,,,,,35-44,Female,White or Caucasian,,Employed full-time,,"$150,000 or more",,1
100,88,0.899999976,"Basketball,Baseball,Ice Hockey",,,,,,,,,,,Somewhat Exciting,Somewhat Exciting,Somewhat Exciting,Somewhat Exciting,Somewhat Exciting,"Television broadcasts,Online news websites",,No,,,,,,,,,,,,,,,,,,,,Slightly Significiant,Slightly Significiant,Slightly Significiant,,Rooting for local teams,,"MLB,NBA,NHL,NFL,PGA",,"Go to the court/stadium..., etc.,Watch TV",,Single Game Ticket,,,90,,,,,,,45-54,Male,White or Caucasian,,Employed full-time,,"$50,000 - $74,999",thanks,1
100,111,0.800000012,No,,Somewhat Likely,Somewhat Likely,Somewhat Likely,Somewhat Likely,Somewhat Likely,Neutral,Somewhat Challenge,Slightly Challenging,Not Challenging at all,,,,,,,,,,,,,,,,,,,,,,,,,,,,Neutral,Neutral,Not significant at all,,The fast-paced nature of MLS games,,None,,,,,,,,,,,,,,35-44,Male,"White or Caucasian,Asian",,Employed full-time,,"$100,000 - $149,999",,0
100,280,0.800000012,"Baseball,Soccer",,,,,,,,,,,Slightly Exciting,Slightly Exciting,Slightly Exciting,Slightly Exciting,Slightly Exciting,"Television broadcasts,Social media,MLS official website or app",,Yes,2018,they signed foreign player to promote the leqgue.,1-5 years,Inter Miami,Messi. the style of play.,"Watch TV,Watch online livestreams",,,,,,,Monthly Payment,,300,,," Enhanced stadium amenities and services, Increased accessibility to watch games (TV, online streaming)",,,,,,,,MLB,,Watch TV,,,,,,,,,,,,35-44,Male,White or Caucasian,,Employed full-time,,"$100,000 - $149,999",,1
100,189,0.899999976,Soccer,,,,,,,,,,,Neutral,Neutral,Slightly Exciting,Neutral,Somewhat Exciting,Television broadcasts,,Yes,2022,I saw it on tv,1-5 years,,,Watch TV,,,,,,,,,,,, Enhanced stadium amenities and services,,,,,,,,"NBA,NFL",,Watch TV,,,,,,,,,,,,25-34,Male,White or Caucasian,,Employed full-time,,"$50,000 - $74,999",,1
100,295,0.899999976,"Baseball,Golf,Soccer",,,,,,,,,,,Not Exciting at all,Slightly Exciting,Slightly Exciting,Slightly Exciting,Not Exciting at all,"Television broadcasts,Social media,MLS official website or app",,Yes,2019,i love team competition,1-5 years,fc cincinnati,,"Watch TV,Watch online livestreams",,,,,,,Season Payment,23,,,," Enhanced stadium amenities and services, More interactive fan engagement activities, Increased accessibility to watch games (TV, online streaming)",,,,,,,,NFL,,Watch online livestreams,,,,,,,Season Payment,10,,,,25-34,Male,Black or African American,,Employed full-time,,"$100,000 - $149,999",,1
100,180,0.899999976,"Baseball,Others(Please specify, and the answer can be more than one sport)",nfl,,,,,,,,,,Very Exciting,Very Exciting,Very Exciting,Very Exciting,Somewhat Exciting,Social media,,No,,,,,,,,,,,,,,,,,,,,Not significant at all,Neutral,Somewhat Significant,,"Pure love of soccer,The fast-paced nature of MLS games",,"MLB,NFL",,"Go to the court/stadium..., etc.,Watch TV,Watch online livestreams",,Single Game Ticket,,,250,,Season Payment,50,,,,35-44,Male,White or Caucasian,,Employed full-time,,"$25,000 - $49,999",,1
100,265,0.300000012,Soccer,,,,,,,,,,,Very Exciting,Neutral,Somewhat Exciting,Neutral,Neutral,Social media,,Yes,2000,I fell in love with their tactics,1-5 years,Yes,No,Watch TV,,,,,,,,,,,, Better marketing and promotion of MLS,,,,,,,,NBA,,Watch TV,,,,,,,,,,,,25-34,Male,White or Caucasian,,Employed part-time,,"Under $25,000",,1
100,98,0.300000012,Baseball,,,,,,,,,,,Slightly Exciting,Neutral,Slightly Exciting,Neutral,Slightly Exciting,Social media,,No,,,,,,,,,,,,,,,,,,,,Slightly Significiant,Neutral,Slightly Significiant,,Marketing and advertising campaigns,,NFL,,Watch TV,,,,,,,,,,,,25-34,Male,White or Caucasian,,Employed part-time,,"$100,000 - $149,999",,1
100,122,0.899999976,No,,Very Likely,Neutral,Very Unlikely,Very Unlikely,Neutral,Very Challenging,Very Challenging,Somewhat Challenge,Neutral,,,,,,,,,,,,,,,,,,,,,,,,,,,,Extremely Significant,Somewhat Significant,Extremely Significant,rugby,Other (please specify),Nothing,"Other, please specify",Rugby Union,"Watch TV,Watch online livestreams",,,,,,,Others,,,,"I'm not sure, someone else pays for it",25-34,Female,"White or Caucasian,Asian",,Student,,"Under $25,000",,0
100,257,0.300000012,No,,Neutral,Very Likely,Neutral,Neutral,Neutral,Slightly Challenging,Very Challenging,Slightly Challenging,Neutral,,,,,,,,,,,,,,,,,,,,,,,,,,,,Somewhat Significant,Slightly Significiant,Somewhat Significant,"mma, american football",Other (please specify),betting,"NFL,Other, please specify",ufc,"Watch TV,Watch online livestreams",,,,,,,"Season Payment,Monthly Payment,Single Game Payment,Others",0,0,0,0,25-34,Male,White or Caucasian,,Employed full-time,,"$25,000 - $49,999",,0
100,131,0.699999988,"Basketball,Baseball,Soccer",,,,,,,,,,,Very Exciting,Very Exciting,Very Exciting,Very Exciting,Very Exciting,"Television broadcasts,Social media",,Yes,20,i love it,More than 10 years,,,Watch online livestreams,,,,,,,Monthly Payment,,,,, Enhanced stadium amenities and services,,,,,,,,"NBA,NFL",,Watch TV,,,,,,,,,,,,25-34,Male,Black or African American,,Employed full-time,,"$75,000 - $99,999",,1
100,364,0.899999976,"Soccer,Others(Please specify, and the answer can be more than one sport)",American Football,,,,,,,,,,Somewhat Exciting,Somewhat Exciting,Somewhat Exciting,Somewhat Exciting,Neutral,Online news websites,,Yes,1986,School,More than 10 years,Seattle Sounders,none,"Watch TV,Watch online livestreams",,,,,,,Monthly Payment,,5.99,,,"Lower ticket prices, More interactive fan engagement activities",,,,,,,,"MLB,NHL,NFL",,Watch TV,,,,,,,,,,,,45-54,Female,White or Caucasian,,Employed full-time,,"$75,000 - $99,999",none thanks,1
100,297,0.699999988,"Baseball,Ice Hockey,Tennis,Soccer,Others(Please specify, and the answer can be more than one sport)","Football, UFC",,,,,,,,,,Very Exciting,Very Exciting,Very Exciting,Neutral,Neutral,"Television broadcasts,Online news websites,Word of mouth (friends, family)",,Yes,1996,I used to play soccer and was a fan,Since its inception,Red Bulls - I'm a new yorker,,Watch TV,,,,,,,,,,,," Better marketing and promotion of MLS, Increased accessibility to watch games (TV, online streaming)",,,,,,,,"MLB,NHL,NFL,Other, please specify",UFC,"Go to the court/stadium..., etc.,Watch TV",,Single Game Ticket,,,80,,,,,,,45-54,Male,White or Caucasian,,Employed full-time,,"$50,000 - $74,999",,1
100,146,0.300000012,Ice Hockey,,,,,,,,,,,Somewhat Exciting,Somewhat Exciting,Somewhat Exciting,Neutral,Neutral,Online news websites,,No,,,,,,,,,,,,,,,,,,,,Somewhat Significant,Not significant at all,Neutral,,The diverse composition of MLS teams,,NHL,,Watch TV,,,,,,,,,,,,35-44,Female,White or Caucasian,,Employed part-time,,"Under $25,000",,1
100,126,0.899999976,No,,Very Unlikely,Very Unlikely,Very Unlikely,Very Unlikely,Very Unlikely,Very Challenging,Neutral,Neutral,Neutral,,,,,,,,,,,,,,,,,,,,,,,,,,,,Extremely Significant,Neutral,Not significant at all,,Pure love of soccer,,None,,,,,,,,,,,,,,35-44,Female,White or Caucasian,,Unemployed,,Prefer not to say,,0
100,336,0.699999988,No,,Very Likely,Very Likely,Very Unlikely,Very Likely,Neutral,Not Challenging at all,Not Challenging at all,Not Challenging at all,Not Challenging at all,,,,,,,,,,,,,,,,,,,,,,,,,,,,Not significant at all,Not significant at all,Not significant at all,,"Pure love of soccer,Rooting for local teams,The fast-paced nature of MLS games",,"MLB,NHL,NFL,PGA",,Watch TV,,,,,,,,,,,,55-64,Male,White or Caucasian,,Employed full-time,,"$25,000 - $49,999",,0
100,145,0.899999976,"Baseball,Ice Hockey,Golf,Tennis,Soccer",,,,,,,,,,,Slightly Exciting,Slightly Exciting,Slightly Exciting,Slightly Exciting,Slightly Exciting,Social media,,Yes,2020,to learn more,1-5 years,no,no,Watch online livestreams,,,,,,,"Season Payment,Monthly Payment,Single Game Payment,Others",0,0,0,0,Lower ticket prices,,,,,,,,"MLB,NBA,NHL,NFL,PGA,WNBA",,Watch TV,,,,,,,,,,,,45-54,Female,White or Caucasian,,Other (please specify),self employed,"$25,000 - $49,999",,1
100,164,0.899999976,"Baseball,Soccer,Others(Please specify, and the answer can be more than one sport)",Football,,,,,,,,,,Somewhat Exciting,Very Exciting,Somewhat Exciting,Very Exciting,Very Exciting,"Television broadcasts,MLS official website or app",,Yes,2020,We have a young soccer player who is 12.,1-5 years,NE Revolution,none,Watch TV,,,,,,,,,,,," More interactive fan engagement activities, Better marketing and promotion of MLS",,,,,,,,"NHL,NFL",,"Go to the court/stadium..., etc.,Watch TV",,Single Game Ticket,,,100,,,,,,,45-54,Female,White or Caucasian,,Employed full-time,,"$100,000 - $149,999",,1
100,372,0.899999976,"Basketball,Soccer",,,,,,,,,,,Very Exciting,Very Exciting,Very Exciting,Somewhat Exciting,Somewhat Exciting,"Online news websites,Social media,MLS official website or app",,Yes,2017,I have always like International soccer but began following MLS when NYCFC started playing and I went to a few games with my sons.,6-10 years,NYCFC,,"Go to the court/stadium..., etc.,Watch TV",,"Others, please specify",,,,I don't regularly go to games,,,,,,"Lower ticket prices, Increased accessibility to watch games (TV, online streaming)",,,,,,,,"NBA,NFL",,"Watch TV,Watch online livestreams",,,,,,,Others,,,,NBA League Pass $15 a month,45-54,Female,White or Caucasian,,Other (please specify),self employed freelancer,"$50,000 - $74,999",,1
100,373,0.699999988,"Basketball,Golf",,,,,,,,,,,Very Exciting,Somewhat Exciting,Very Exciting,Very Exciting,Very Exciting,"Television broadcasts,Online news websites,Social media",,Yes,2015,I started to like the sport more than I used to,6-10 years,Baltimore Blast,,"Go to the court/stadium..., etc.,Watch TV,Watch online livestreams",,Single Game Ticket,,,28,,Single Game Payment,,,5,, More interactive fan engagement activities,,,,,,,,"NBA,NFL",,Watch online livestreams,,,,,,,Single Game Payment,,,5,,45-54,Male,Black or African American,,Employed full-time,,"$50,000 - $74,999",,1
100,347,0.699999988,Basketball,,,,,,,,,,,Slightly Exciting,Neutral,Slightly Exciting,Neutral,Slightly Exciting,Social media,,Yes,1,for relaxing,1-5 years,i like the team, Landon Donovan,Watch TV,,,,,,,,,,,,Lower ticket prices,,,,,,,,NFL,,Watch TV,,,,,,,,,,,,18-24,Female,White or Caucasian,,Employed full-time,,"$75,000 - $99,999",NONE,1
100,185,0.899999976,"Ice Hockey,Soccer",,,,,,,,,,,Slightly Exciting,Neutral,Very Exciting,Slightly Exciting,Neutral,"Social media,Word of mouth (friends, family)",,Yes,5,Just started liking soccer from my past playing days,1-5 years,,,Watch TV,,,,,,,,,,,," Enhanced stadium amenities and services, Better marketing and promotion of MLS, Increased accessibility to watch games (TV, online streaming)",,,,,,,,"NHL,NFL",,Watch TV,,,,,,,,,,,,25-34,Female,White or Caucasian,,Employed full-time,,"$150,000 or more",,1
100,319,0.899999976,"Baseball,Golf",,,,,,,,,,,Very Exciting,Neutral,Somewhat Exciting,Very Exciting,Somewhat Exciting,"Television broadcasts,Social media",,Yes,1,I have a friend that is big into MLS and I started to enjoy some of the clips about players and matches.,1-5 years,Philadelphia Union,Brandan Craig,"Watch TV,Watch online livestreams",,,,,,,"Season Payment,Monthly Payment,Single Game Payment,Others",0,10,0,0,"Lower ticket prices, Better marketing and promotion of MLS, Increased accessibility to watch games (TV, online streaming)",,,,,,,,"MLB,PGA",,"Watch TV,Watch online livestreams",,,,,,,"Season Payment,Monthly Payment,Single Game Payment,Others",0,10,0,0,25-34,Male,White or Caucasian,,Employed full-time,,"$100,000 - $149,999",,1
100,433,,"Basketball,Tennis,Soccer",,,,,,,,,,,Very Exciting,Very Exciting,Very Exciting,Very Exciting,Very Exciting,"Television broadcasts,Online news websites,Social media,MLS official website or app",,Yes,2010,Because it is very interesting,More than 10 years,,,"Watch TV,Watch online livestreams",,,,,,,Monthly Payment,,,,," Enhanced stadium amenities and services, More interactive fan engagement activities, Better marketing and promotion of MLS, Increased accessibility to watch games (TV, online streaming)",,,,,,,,"NBA,NFL,WNBA",,"Watch TV,Watch online livestreams",,,,,,,"Season Payment,Monthly Payment",,,,,35-44,Male,Black or African American,,Employed full-time,,"$100,000 - $149,999",,1
100,372,0.899999976,"Basketball,Soccer",,,,,,,,,,,Slightly Exciting,Slightly Exciting,Slightly Exciting,Slightly Exciting,Slightly Exciting,"Online news websites,Social media",,Yes,2022,To be more informed ,1-5 years,New York Red Bulls,None,Watch online livestreams,,,,,,,Monthly Payment,,,,," More interactive fan engagement activities, Better marketing and promotion of MLS",,,,,,,,NBA,,Watch online livestreams,,,,,,,Monthly Payment,,,,,25-34,Male,Black or African American,,Employed full-time,,"$50,000 - $74,999",,1
100,438,0.899999976,"Basketball,Soccer",,,,,,,,,,,Very Exciting,Very Exciting,Somewhat Exciting,Somewhat Exciting,Somewhat Exciting,"Social media,Word of mouth (friends, family)",,Yes,2000,I enjoy watching the games,More than 10 years,New England revolution,Justin Rennicks,Watch TV,,,,,,,,,,,,"Lower ticket prices, Better marketing and promotion of MLS",,,,,,,,"NBA,NFL",,Watch TV,,,,,,,,,,,,25-34,Female,Black or African American,,Employed full-time,,"$50,000 - $74,999",,1
100,379,0.899999976,"Baseball,Ice Hockey,Soccer",,,,,,,,,,,Very Exciting,Very Exciting,Somewhat Exciting,Very Exciting,Somewhat Exciting,Television broadcasts,,Yes,2016,friends got into it,1-5 years,phoenix rising,,Watch TV,,,,,,,,,,,,Lower ticket prices,,,,,,,,"MLB,NHL,NFL",,Watch TV,,,,,,,,,,,,25-34,Female,Black or African American,,Employed full-time,,"$50,000 - $74,999",,1
100,130,0.300000012,No,,Somewhat Likely,Somewhat Likely,Somewhat Likely,Somewhat Likely,Somewhat Likely,Slightly Challenging,Not Challenging at all,Not Challenging at all,Not Challenging at all,,,,,,,,,,,,,,,,,,,,,,,,,,,,Slightly Significiant,Not significant at all,Neutral,,Rooting for local teams,,MLB,,"Watch TV,Watch online livestreams",,,,,,,Others,,,,Free,45-54,Female,White or Caucasian,,Employed full-time,,"$50,000 - $74,999",,0
100,159,0.899999976,"Basketball,Baseball,Ice Hockey,Golf,Tennis,Soccer",,,,,,,,,,,Very Exciting,Very Exciting,Somewhat Exciting,Very Exciting,Somewhat Exciting,"Television broadcasts,Online news websites,Social media",,Yes,1993,First year it started. A lot of excitement.,Since its inception,Charlotte FC - Local team,Not really.,Watch TV,,,,,,,,,,,,Lower ticket prices,,,,,,,,"MLB,NBA,NHL,NFL,PGA,WNBA",,"Go to the court/stadium..., etc.,Watch TV,Watch online livestreams",,Season Ticket,500,,,,Season Payment,12,,,,35-44,Male,White or Caucasian,,Employed full-time,,"$50,000 - $74,999",,1
100,451,0.899999976,No,,Somewhat Likely,Somewhat Likely,Very Unlikely,Somewhat Unlikely,Very Unlikely,Somewhat Challenge,Somewhat Challenge,Not Challenging at all,Not Challenging at all,,,,,,,,,,,,,,,,,,,,,,,,,,,,Extremely Significant,Not significant at all,Extremely Significant,formula 1,The diverse composition of MLS teams,,None,,,,,,,,,,,,,,65 or over,Male,White or Caucasian,,Retired,,"$25,000 - $49,999",,0
100,413,0.899999976,Basketball,,,,,,,,,,,Slightly Exciting,Somewhat Exciting,Somewhat Exciting,Neutral,Slightly Exciting,Social media,,No,,,,,,,,,,,,,,,,,,,,Somewhat Significant,Neutral,Neutral,,Marketing and advertising campaigns,,NBA,,Watch online livestreams,,,,,,,Monthly Payment,,10,,,25-34,Female,White or Caucasian,,Employed part-time,,"$50,000 - $74,999",,1
100,124,0.899999976,"Basketball,Soccer",,,,,,,,,,,Somewhat Exciting,Very Exciting,Somewhat Exciting,Neutral,Somewhat Exciting,Social media,,No,,,,,,,,,,,,,,,,,,,,Not significant at all,Not significant at all,Extremely Significant,,Other (please specify),Better competition,"NBA,NFL",,"Watch TV,Watch online livestreams",,,,,,,Monthly Payment,,10,,,35-44,Male,Asian,,Employed full-time,,"$50,000 - $74,999",,1
100,104,0.899999976,"Basketball,Baseball,Soccer",,,,,,,,,,,Somewhat Exciting,Somewhat Exciting,Somewhat Exciting,Very Exciting,Very Exciting,"Television broadcasts,Social media",,Yes,2010,went to an MLS game and enjoyed it,More than 10 years,FC Dallas,,Watch online livestreams,,,,,,,Season Payment,120,,,," Increased accessibility to watch games (TV, online streaming)",,,,,,,,"NBA,NFL",,"Watch TV,Watch online livestreams",,,,,,,Season Payment,400,,,,35-44,Male,White or Caucasian,,Employed full-time,,"$75,000 - $99,999",,1
100,119,0.899999976,"Others(Please specify, and the answer can be more than one sport)",MMA,,,,,,,,,,Slightly Exciting,Not Exciting at all,Somewhat Exciting,Not Exciting at all,Not Exciting at all,Social media,,No,,,,,,,,,,,,,,,,,,,,Extremely Significant,Neutral,Not significant at all,,Other (please specify),probably nothing,None,,,,,,,,,,,,,,45-54,Male,White or Caucasian,,Employed full-time,,"$100,000 - $149,999",,1
100,224,0.800000012,"Basketball,Soccer",,,,,,,,,,,Somewhat Exciting,Very Exciting,Very Exciting,Somewhat Exciting,Very Exciting,"Television broadcasts,Social media,Word of mouth (friends, family)",,Yes,2016,My father is a big fan,6-10 years,inter miami,,Watch TV,,,,,,,,,,,,"Lower ticket prices, Enhanced stadium amenities and services, More interactive fan engagement activities, Increased accessibility to watch games (TV, online streaming)",,,,,,,,NBA,,Watch TV,,,,,,,,,,,,25-34,Female,White or Caucasian,,Employed part-time,,"$25,000 - $49,999",,1
100,186,0.899999976,No,,Somewhat Unlikely,Somewhat Unlikely,Very Unlikely,Somewhat Likely,Somewhat Likely,Somewhat Challenge,Somewhat Challenge,Somewhat Challenge,Neutral,,,,,,,,,,,,,,,,,,,,,,,,,,,,Extremely Significant,Somewhat Significant,Neutral,,The diverse composition of MLS teams,,None,,,,,,,,,,,,,,45-54,Female,White or Caucasian,,Unemployed,,"$75,000 - $99,999",,0
100,510,0.400000006,Soccer,,,,,,,,,,,Slightly Exciting,Neutral,Neutral,Slightly Exciting,Neutral,"Television broadcasts,Online news websites,Social media",,Yes,2,1,1-5 years,inter miami,Lionel Messi,"Go to the court/stadium..., etc.,Watch TV",,Monthly Ticket,,,,,,,,,," More interactive fan engagement activities, Better marketing and promotion of MLS",,,,,,,,NHL,,"Go to the court/stadium..., etc.,Watch TV,Watch online livestreams",,Single Game Ticket,,,,,Monthly Payment,,,,,25-34,Female,White or Caucasian,,Employed full-time,,"$100,000 - $149,999",NA,1
100,518,0.899999976,"Basketball,Baseball,Soccer",,,,,,,,,,,Very Exciting,Somewhat Exciting,Very Exciting,Slightly Exciting,Somewhat Exciting,"Online news websites,Social media,Word of mouth (friends, family)",,Yes,2021,I find it inspiring.,1-5 years,Inter Miami CF,"Robbie Robinson, his personality. Kamal Miller, his stats.",Watch online livestreams,,,,,,,Season Payment,Apple 79.00,,,," Enhanced stadium amenities and services, More interactive fan engagement activities, Increased accessibility to watch games (TV, online streaming)",,,,,,,,"MLB,NBA",,Watch online livestreams,,,,,,,Monthly Payment,,MLB All Team 24.99,,,25-34,Male,White or Caucasian,,Employed full-time,,"$25,000 - $49,999",Good content.,1
100,206,0.899999976,"Basketball,Baseball,Soccer",,,,,,,,,,,Very Exciting,Somewhat Exciting,Very Exciting,Neutral,Neutral,Television broadcasts,,No,,,,,,,,,,,,,,,,,,,,Somewhat Significant,Slightly Significiant,Neutral,,Rooting for local teams,,"MLB,NBA",,Watch TV,,,,,,,,,,,,35-44,Female,White or Caucasian,,Employed full-time,,"$50,000 - $74,999",,1
100,453,0.699999988,Soccer,,,,,,,,,,,Very Exciting,Very Exciting,Very Exciting,Very Exciting,Very Exciting,"Online news websites,Social media,Word of mouth (friends, family),MLS official website or app",,Yes,2016,"My son started playing soccer in middle school. He became very interested in all things soccer, so I wanted to learn about it myself.",6-10 years,Miami and Paris Saint-Germain F.C. because my son was a fan of them.,My son is a huge fan of Lionel Messi.,"Watch TV,Watch online livestreams",,,,,,,Others,,,,Not sure what my son's account is. I watch with him.,"Lower ticket prices, More interactive fan engagement activities, Increased accessibility to watch games (TV, online streaming)",,,,,,,,None,,,,,,,,,,,,,,45-54,Female,White or Caucasian,,Employed full-time,,"$25,000 - $49,999",,1
100,353,0.899999976,"Baseball,Ice Hockey",,,,,,,,,,,Very Exciting,Very Exciting,Very Exciting,Very Exciting,Somewhat Exciting,Online news websites,,No,,,,,,,,,,,,,,,,,,,,Slightly Significiant,Somewhat Significant,Not significant at all,,The fast-paced nature of MLS games,,"MLB,NHL",,"Watch TV,Watch online livestreams",,,,,,,"Season Payment,Monthly Payment,Single Game Payment,Others",109.99,14.99,19.99,ESPN+,25-34,Male,Asian,,Employed full-time,,"$75,000 - $99,999","On the part of the survey where I had to list the season, monthly, and online payment information of my current plan, I didn't see a space specifying for me to enter the name of the plan, so I entered my plan name under the ""Other"" box",1
100,399,0.899999976,"Basketball,Baseball,Ice Hockey,Golf,Soccer",,,,,,,,,,,Very Exciting,Very Exciting,Somewhat Exciting,Somewhat Exciting,Very Exciting,"Television broadcasts,Social media",,Yes,2022,I like soccer,1-5 years,i do not,none,Watch TV,,,,,,,,,,,,"Lower ticket prices, Increased accessibility to watch games (TV, online streaming)",,,,,,,,"MLB,NBA,NHL,NFL,PGA",,"Go to the court/stadium..., etc.,Watch TV,Watch online livestreams",,Single Game Ticket,,,100,,Season Payment,50,,,,18-24,Male,White or Caucasian,,Employed full-time,,"$75,000 - $99,999",none ,1
100,176,0.899999976,"Others(Please specify, and the answer can be more than one sport)",football,,,,,,,,,,Very Exciting,Very Exciting,Very Exciting,Very Exciting,Very Exciting,"Television broadcasts,Word of mouth (friends, family)",,No,,,,,,,,,,,,,,,,,,,,Neutral,Neutral,Not significant at all,,"Rooting for local teams,The fast-paced nature of MLS games,The diverse composition of MLS teams",,None,,,,,,,,,,,,,,45-54,Female,White or Caucasian,,Employed part-time,,"Under $25,000",,1
100,132,0.899999976,"Others(Please specify, and the answer can be more than one sport)",Skateboarding,,,,,,,,,,Slightly Exciting,Slightly Exciting,Very Exciting,Very Exciting,Very Exciting,Online news websites,,No,,,,,,,,,,,,,,,,,,,,Slightly Significiant,Extremely Significant,Somewhat Significant,Skateboarding,The fast-paced nature of MLS games,,"MLB,NBA",,Watch online livestreams,,,,,,,Others,,,,Free on YouTube,35-44,Male,White or Caucasian,,Unemployed,,"Under $25,000",,1
100,171,0.899999976,"Soccer,Others(Please specify, and the answer can be more than one sport)",F1,,,,,,,,,,Very Exciting,Very Exciting,Somewhat Exciting,Neutral,Neutral,Online news websites,,No,,,,,,,,,,,,,,,,,,,,Not significant at all,Not significant at all,Extremely Significant,Only follow european soccer,Pure love of soccer,,None,,,,,,,,,,,,,,45-54,Male,White or Caucasian,,Employed full-time,,"$75,000 - $99,999",,1
100,178,0.300000012,"Basketball,Baseball,Ice Hockey,Golf,Tennis,Soccer",,,,,,,,,,,Very Exciting,Very Exciting,Very Exciting,Very Exciting,Very Exciting,"Television broadcasts,Social media,Word of mouth (friends, family),MLS official website or app",,Yes,2019,Watched a game and really enjoyed it.,1-5 years,Minnesota United,,"Go to the court/stadium..., etc.,Watch TV,Watch online livestreams",,Single Game Ticket,,,80,,Season Payment,100,,,,"Lower ticket prices, Better marketing and promotion of MLS, Increased accessibility to watch games (TV, online streaming)",,,,,,,,"MLB,NHL,NFL",,"Go to the court/stadium..., etc.,Watch TV,Watch online livestreams",,Single Game Ticket,,,100,,Season Payment,200,,,,25-34,Male,White or Caucasian,,Employed full-time,,"$75,000 - $99,999",,1
100,164,0.699999988,"Baseball,Golf",,,,,,,,,,,Slightly Exciting,Slightly Exciting,Slightly Exciting,Slightly Exciting,Slightly Exciting,"Television broadcasts,MLS official website or app",,Yes,2012,boyfriend,More than 10 years,not really,no,Watch TV,,,,,,,,,,,," Increased accessibility to watch games (TV, online streaming)",,,,,,,,"NFL,PGA",,Watch TV,,,,,,,,,,,,55-64,Female,White or Caucasian,,Employed full-time,,"$50,000 - $74,999",,1
100,599,0.899999976,"Basketball,Baseball,Others(Please specify, and the answer can be more than one sport)",NFL,,,,,,,,,,Very Exciting,Somewhat Exciting,Very Exciting,Somewhat Exciting,Somewhat Exciting,"Television broadcasts,Word of mouth (friends, family),Other (please specify)",Online newspapers,No,,,,,,,,,,,,,,,,,,,,Not significant at all,Slightly Significiant,Extremely Significant,,"Rooting for local teams,Other (please specify)",Learning to appreciate world's most popular sport,"MLB,NBA,NFL",,"Watch TV,Watch online livestreams",,,,,,,Others,,,,Small part of general package,65 or over,Male,White or Caucasian,,Other (please specify),Self employed,"Under $25,000",,1
100,275,0.899999976,Soccer,,,,,,,,,,,Very Exciting,Very Exciting,Very Exciting,Somewhat Exciting,Somewhat Exciting,Social media,,Yes,2015,I played soccer growing up and love it,More than 10 years,,,Watch online livestreams,,,,,,,Monthly Payment,,14.99,,,"Lower ticket prices, Better marketing and promotion of MLS, Increased accessibility to watch games (TV, online streaming)",,,,,,,,"Other, please specify","Other soccer- USWNT, USMNT, Premier League, Champions League",Watch online livestreams,,,,,,,Monthly Payment,,9.99,,,25-34,Female,White or Caucasian,,Other (please specify),Self Employed,"$75,000 - $99,999",,1
100,195,0.800000012,"Basketball,Baseball,Ice Hockey,Soccer",,,,,,,,,,,Very Exciting,Very Exciting,Very Exciting,Somewhat Exciting,Very Exciting,"Television broadcasts,Online news websites,Social media",,Yes,2006,Went to a live game,More than 10 years,Los Angeles Galaxy,,Watch TV,,,,,,,,,,,,"Lower ticket prices, Enhanced stadium amenities and services, More interactive fan engagement activities, Increased accessibility to watch games (TV, online streaming)",,,,,,,,"MLB,NBA,NHL,NFL",,"Watch TV,Watch online livestreams",,,,,,,Monthly Payment,,20,,,25-34,Male,White or Caucasian,,Employed part-time,,"Under $25,000",,1
100,105,0.699999988,No,,Somewhat Likely,Somewhat Likely,Somewhat Likely,Somewhat Likely,Neutral,Slightly Challenging,Slightly Challenging,Not Challenging at all,Slightly Challenging,,,,,,,,,,,,,,,,,,,,,,,,,,,,Somewhat Significant,Not significant at all,Neutral,,Rooting for local teams,,NFL,,Watch TV,,,,,,,,,,,,55-64,Female,White or Caucasian,,Employed part-time,,"$25,000 - $49,999",,0
100,179,0.800000012,Basketball,,,,,,,,,,,Somewhat Exciting,Somewhat Exciting,Slightly Exciting,Somewhat Exciting,Not Exciting at all,Online news websites,,No,,,,,,,,,,,,,,,,,,,,Slightly Significiant,Slightly Significiant,Not significant at all,,Marketing and advertising campaigns,,"NBA,NFL",,Watch online livestreams,,,,,,,Others,,,,0,35-44,Female,White or Caucasian,,Employed full-time,,"$75,000 - $99,999",,1
100,90,0.300000012,No,,Somewhat Unlikely,Neutral,Somewhat Unlikely,Somewhat Unlikely,Somewhat Unlikely,Slightly Challenging,Very Challenging,Somewhat Challenge,Somewhat Challenge,,,,,,,,,,,,,,,,,,,,,,,,,,,,Extremely Significant,Somewhat Significant,Not significant at all,,Pure love of soccer,,None,,,,,,,,,,,,,,25-34,Female,White or Caucasian,,Unemployed,,"Under $25,000",,0
100,92,0.899999976,Basketball,,,,,,,,,,,Somewhat Exciting,Somewhat Exciting,Somewhat Exciting,Somewhat Exciting,Slightly Exciting,Social media,,No,,,,,,,,,,,,,,,,,,,,Slightly Significiant,Not significant at all,Somewhat Significant,basketball,"Rooting for local teams,Marketing and advertising campaigns",,WNBA,,"Go to the court/stadium..., etc.,Watch TV",,Single Game Ticket,,,100,,,,,,,25-34,Female,White or Caucasian,,Employed full-time,,"$50,000 - $74,999",,1
100,288,0.899999976,Basketball,,,,,,,,,,,Slightly Exciting,Somewhat Exciting,Somewhat Exciting,Somewhat Exciting,Somewhat Exciting,"Online news websites,Word of mouth (friends, family)",,No,,,,,,,,,,,,,,,,,,,,Somewhat Significant,Not significant at all,Not significant at all,,The diverse composition of MLS teams,,"NBA,NFL",,Watch TV,,,,,,,,,,,,35-44,Male,White or Caucasian,,Employed full-time,,"$100,000 - $149,999",,1
100,100,0.899999976,"Basketball,Soccer",,,,,,,,,,,Slightly Exciting,Not Exciting at all,Slightly Exciting,Slightly Exciting,Neutral,Social media,,Yes,2022,Sons love soccer,1-5 years,Fire,Messi,"Go to the court/stadium..., etc.",,Single Game Ticket,,,,,,,,,,Lower ticket prices,,,,,,,,"MLB,NBA,NFL",,"Go to the court/stadium..., etc.",,Single Game Ticket,,,,,,,,,,35-44,Male,White or Caucasian,,Employed full-time,,"$100,000 - $149,999",,1
100,62,0.899999976,"Others(Please specify, and the answer can be more than one sport)","Football, equestrain",,,,,,,,,,Somewhat Exciting,Somewhat Exciting,Somewhat Exciting,Very Exciting,Neutral,Never,,No,,,,,,,,,,,,,,,,,,,,Somewhat Significant,Not significant at all,Not significant at all,n/a,Marketing and advertising campaigns,,NFL,,Watch TV,,,,,,,,,,,,25-34,Female,White or Caucasian,,Employed full-time,,"$100,000 - $149,999",,1
100,117,0.899999976,No,,Somewhat Likely,Somewhat Likely,Very Unlikely,Very Unlikely,Somewhat Unlikely,Very Challenging,Very Challenging,Not Challenging at all,Not Challenging at all,,,,,,,,,,,,,,,,,,,,,,,,,,,,Extremely Significant,Not significant at all,Somewhat Significant,NFL,Other (please specify),Not a fan,"NBA,NFL",,"Watch TV,Watch online livestreams",,,,,,,Others,,,,None,25-34,Male,Asian,,Unemployed,,"$50,000 - $74,999",,0
100,88,0.899999976,"Others(Please specify, and the answer can be more than one sport)",Football,,,,,,,,,,Somewhat Exciting,Somewhat Exciting,Somewhat Exciting,Neutral,Neutral,Never,,No,,,,,,,,,,,,,,,,,,,,Extremely Significant,Neutral,Neutral,none,Rooting for local teams,,"MLB,NFL",,Watch TV,,,,,,,,,,,,35-44,Male,Asian,,Employed full-time,,"$25,000 - $49,999",,1
100,138,0.899999976,"Ice Hockey,Soccer",,,,,,,,,,,Not Exciting at all,Slightly Exciting,Slightly Exciting,Neutral,Very Exciting,"Social media,Word of mouth (friends, family)",,Yes,2010,son's interest,More than 10 years,,,Watch TV,,,,,,,,,,,,"Lower ticket prices, Increased accessibility to watch games (TV, online streaming)",,,,,,,,NHL,,"Go to the court/stadium..., etc.,Watch TV",,Single Game Ticket,,,400,,,,,,,45-54,Female,White or Caucasian,,Employed full-time,,"$150,000 or more",,1
100,127,0.899999976,"Baseball,Ice Hockey,Soccer",,,,,,,,,,,Very Exciting,Somewhat Exciting,Neutral,Neutral,Somewhat Exciting,"Television broadcasts,Online news websites,Social media,MLS official website or app",,Yes,1996,The sport I played,Since its inception,Columbus Crew,,"Go to the court/stadium..., etc.,Watch TV,Watch online livestreams",,Single Game Ticket,,,25,,Others,,,,0,"Lower ticket prices, Enhanced stadium amenities and services, More interactive fan engagement activities, Better marketing and promotion of MLS, Increased accessibility to watch games (TV, online streaming)",,,,,,,,"MLB,NHL,NFL",,"Go to the court/stadium..., etc.,Watch TV,Watch online livestreams",,Single Game Ticket,,,25,,Others,,,,0,35-44,Male,White or Caucasian,,Unemployed,,"Under $25,000",,1
100,93,0.899999976,Soccer,,,,,,,,,,,Somewhat Exciting,Somewhat Exciting,Somewhat Exciting,Slightly Exciting,Not Exciting at all,Social media,,No,,,,,,,,,,,,,,,,,,,,Neutral,Not significant at all,Not significant at all,,"Pure love of soccer,The fast-paced nature of MLS games",,None,,,,,,,,,,,,,,18-24,Female,White or Caucasian,,Employed full-time,,"$25,000 - $49,999",,1
100,122,0.899999976,No,,Somewhat Likely,Very Likely,Somewhat Unlikely,Somewhat Likely,Very Likely,Slightly Challenging,Somewhat Challenge,Somewhat Challenge,Slightly Challenging,,,,,,,,,,,,,,,,,,,,,,,,,,,,Somewhat Significant,Somewhat Significant,Neutral,,Marketing and advertising campaigns,,None,,,,,,,,,,,,,,25-34,Female,White or Caucasian,,Unemployed,,"$25,000 - $49,999",,0
100,97,0.899999976,"Others(Please specify, and the answer can be more than one sport)",football,,,,,,,,,,Somewhat Exciting,Very Exciting,Somewhat Exciting,Very Exciting,Neutral,"Television broadcasts,Word of mouth (friends, family)",,No,,,,,,,,,,,,,,,,,,,,Somewhat Significant,Extremely Significant,Extremely Significant,football,Other (please specify),My husband loves soccer and is an avid follower,NFL,,Watch TV,,,,,,,,,,,,35-44,Female,White or Caucasian,,Employed full-time,,"$75,000 - $99,999",,1
100,158,0.300000012,"Baseball,Others(Please specify, and the answer can be more than one sport)",american football,,,,,,,,,,Very Exciting,Very Exciting,Very Exciting,Very Exciting,Very Exciting,Television broadcasts,,No,,,,,,,,,,,,,,,,,,,,Not significant at all,Somewhat Significant,Extremely Significant,nfl,"Rooting for local teams,The fast-paced nature of MLS games",,NFL,,"Go to the court/stadium..., etc.,Watch TV,Watch online livestreams",,Single Game Ticket,,,80,,Monthly Payment,,29,,,45-54,Male,White or Caucasian,,Employed full-time,,"$75,000 - $99,999",thank you for the study,1
100,183,0.899999976,"Tennis,Soccer,Others(Please specify, and the answer can be more than one sport)","Swimming, Gymnastics",,,,,,,,,,Very Exciting,Neutral,Somewhat Exciting,Neutral,Somewhat Exciting,"Television broadcasts,Social media",,No,,,,,,,,,,,,,,,,,,,,Neutral,Neutral,Somewhat Significant,Gymnastics are the best for me,"Pure love of soccer,The fast-paced nature of MLS games",,None,,,,,,,,,,,,,,25-34,Female,Black or African American,,Employed full-time,,"$75,000 - $99,999",Thank you,1
100,125,0.899999976,No,,Somewhat Likely,Somewhat Likely,Somewhat Unlikely,Neutral,Somewhat Likely,Somewhat Challenge,Very Challenging,Somewhat Challenge,Not Challenging at all,,,,,,,,,,,,,,,,,,,,,,,,,,,,Extremely Significant,Somewhat Significant,Not significant at all,,Rooting for local teams,,None,,,,,,,,,,,,,,45-54,Female,White or Caucasian,,Employed full-time,,"$150,000 or more",,0
100,146,0.899999976,No,,Somewhat Likely,Somewhat Likely,Somewhat Likely,Neutral,Somewhat Likely,Somewhat Challenge,Somewhat Challenge,Somewhat Challenge,Neutral,,,,,,,,,,,,,,,,,,,,,,,,,,,,Somewhat Significant,Somewhat Significant,Neutral,,Marketing and advertising campaigns,,None,,,,,,,,,,,,,,35-44,Female,White or Caucasian,,Other (please specify),homemaker,"$75,000 - $99,999",,0
100,192,0.699999988,"Others(Please specify, and the answer can be more than one sport)","Gymnastics, Football",,,,,,,,,,Somewhat Exciting,Very Exciting,Very Exciting,Neutral,Slightly Exciting,"Television broadcasts,Online news websites,Social media,Word of mouth (friends, family)",,No,,,,,,,,,,,,,,,,,,,,Extremely Significant,Somewhat Significant,Not significant at all,,Pure love of soccer,,NFL,,Watch TV,,,,,,,,,,,,35-44,Female,White or Caucasian,,Student,,"$50,000 - $74,999",,1
100,79,0.899999976,Basketball,,,,,,,,,,,Slightly Exciting,Not Exciting at all,Not Exciting at all,Slightly Exciting,Slightly Exciting,Television broadcasts,,No,,,,,,,,,,,,,,,,,,,,Not significant at all,Not significant at all,Neutral,,Pure love of soccer,,NBA,,Watch TV,,,,,,,,,,,,35-44,Female,White or Caucasian,,Employed full-time,,"$50,000 - $74,999",,1
100,130,0.899999976,Basketball,,,,,,,,,,,Very Exciting,Very Exciting,Very Exciting,Very Exciting,Somewhat Exciting,Television broadcasts,,No,,,,,,,,,,,,,,,,,,,,Somewhat Significant,Not significant at all,Neutral,,Rooting for local teams,,NFL,,Watch TV,,,,,,,,,,,,35-44,Male,White or Caucasian,,Employed full-time,,"$25,000 - $49,999",,1
100,89,0.899999976,No,,Somewhat Unlikely,Neutral,Somewhat Unlikely,Somewhat Unlikely,Neutral,Very Challenging,Very Challenging,Very Challenging,Neutral,,,,,,,,,,,,,,,,,,,,,,,,,,,,Extremely Significant,Extremely Significant,Not significant at all,,Rooting for local teams,,None,,,,,,,,,,,,,,25-34,Female,White or Caucasian,,Employed part-time,,"$25,000 - $49,999",,0
100,178,0.699999988,"Baseball,Others(Please specify, and the answer can be more than one sport)",Football,,,,,,,,,,Somewhat Exciting,Somewhat Exciting,Somewhat Exciting,Somewhat Exciting,Somewhat Exciting,Online news websites,,No,,,,,,,,,,,,,,,,,,,,Not significant at all,Neutral,Extremely Significant,No access to TV coverage of games,The fast-paced nature of MLS games,,"MLB,NFL",,"Watch TV,Watch online livestreams",,,,,,,Season Payment,119,,,,65 or over,Female,White or Caucasian,,Retired,,"$75,000 - $99,999",,1
100,225,0.899999976,"Basketball,Baseball,Ice Hockey,Soccer",,,,,,,,,,,Very Exciting,Very Exciting,Very Exciting,Very Exciting,Somewhat Exciting,"Television broadcasts,Online news websites,Social media,Word of mouth (friends, family)",,Yes,2020,I was bored and needed entertainment ,1-5 years,new york red bulls i like the players on the team ,,"Go to the court/stadium..., etc.,Watch TV,Watch online livestreams",,Single Game Ticket,,,50,,Monthly Payment,,30,,,"Lower ticket prices, More interactive fan engagement activities, Increased accessibility to watch games (TV, online streaming)",,,,,,,,"MLB,NBA,NHL,NFL",,"Go to the court/stadium..., etc.,Watch TV,Watch online livestreams",,Single Game Ticket,,,75,,Monthly Payment,,50,,,25-34,Female,White or Caucasian,,Employed full-time,,"$50,000 - $74,999",,1
100,152,0.899999976,Soccer,,,,,,,,,,,Very Exciting,Somewhat Exciting,Very Exciting,Somewhat Exciting,Very Exciting,"Television broadcasts,Online news websites,Social media,Word of mouth (friends, family)",,Yes,2000,i played,More than 10 years,,,"Go to the court/stadium..., etc.,Watch TV",,Single Game Ticket,,,50,,,,,,, Enhanced stadium amenities and services,,,,,,,,"MLB,NBA,NHL,NFL",,"Go to the court/stadium..., etc.,Watch online livestreams",,Single Game Ticket,,,100,,Monthly Payment,,50,,,35-44,Female,White or Caucasian,,Employed full-time,,"Under $25,000",,1
100,194,0.899999976,No,,Somewhat Likely,Very Unlikely,Neutral,Very Unlikely,Very Unlikely,Very Challenging,Neutral,Neutral,Neutral,,,,,,,,,,,,,,,,,,,,,,,,,,,,Extremely Significant,Not significant at all,Not significant at all,,Other (please specify),I am not at all interested in MLS,None,,,,,,,,,,,,,,65 or over,Male,White or Caucasian,,Retired,,"Under $25,000",,0
100,122,0.899999976,"Baseball,Others(Please specify, and the answer can be more than one sport)",football,,,,,,,,,,Somewhat Exciting,Very Exciting,Very Exciting,Very Exciting,Very Exciting,"Television broadcasts,Online news websites,Social media,Word of mouth (friends, family)",,No,,,,,,,,,,,,,,,,,,,,Not significant at all,Somewhat Significant,Extremely Significant,,"Rooting for local teams,Marketing and advertising campaigns,The fast-paced nature of MLS games",,"MLB,NFL,Other, please specify",college football,"Go to the court/stadium..., etc.,Watch TV,Watch online livestreams",,Single Game Ticket,,,150,,Single Game Payment,,,15,,35-44,Male,White or Caucasian,,Employed full-time,,"$100,000 - $149,999",,1
100,199,0.899999976,Soccer,,,,,,,,,,,Very Exciting,Very Exciting,Somewhat Exciting,Very Exciting,Somewhat Exciting,"Television broadcasts,Social media,Word of mouth (friends, family)",,Yes,2021,Watched a livestream,1-5 years,,,"Watch TV,Watch online livestreams",,,,,,,Single Game Payment,,,4.99,,"Lower ticket prices, More interactive fan engagement activities, Increased accessibility to watch games (TV, online streaming)",,,,,,,,None,,,,,,,,,,,,,,25-34,Female,White or Caucasian,,Student,,"$50,000 - $74,999",,1
100,122,0.899999976,Soccer,,,,,,,,,,,Very Exciting,Very Exciting,Very Exciting,Very Exciting,Very Exciting,"Online news websites,Social media",,Yes,2020,bored during covid shutdown,1-5 years,no,no,Watch online livestreams,,,,,,,Others,,,,"free, part of rent "," Increased accessibility to watch games (TV, online streaming)",,,,,,,,None,,,,,,,,,,,,,,45-54,Female,White or Caucasian,,Employed full-time,,"$150,000 or more",,1
100,227,0.800000012,"Ice Hockey,Soccer",,,,,,,,,,,Neutral,Somewhat Exciting,Slightly Exciting,Neutral,Neutral,Online news websites,,Yes,2018,bordom,1-5 years,no,no,Watch TV,,,,,,,,,,,," Increased accessibility to watch games (TV, online streaming)",,,,,,,,"NHL,NFL",,Watch TV,,,,,,,,,,,,35-44,Male,White or Caucasian,,Employed full-time,,"$150,000 or more",,1
100,154,0.899999976,"Baseball,Soccer",,,,,,,,,,,Neutral,Neutral,Neutral,Neutral,Neutral,Social media,,Yes,2013,Follow New England Revolution,More than 10 years,New England Revolution,,Watch online livestreams,,,,,,,"Season Payment,Monthly Payment,Single Game Payment,Others",0,0,0,0," Enhanced stadium amenities and services, Increased accessibility to watch games (TV, online streaming)",,,,,,,,"WNBA,Other, please specify",NWSL,Watch online livestreams,,,,,,,"Season Payment,Monthly Payment,Single Game Payment,Others",0,0,0,0,35-44,Female,White or Caucasian,,Employed full-time,,"$75,000 - $99,999",,1
100,121,0.899999976,No,,Somewhat Unlikely,Neutral,Somewhat Unlikely,Very Unlikely,Somewhat Likely,Neutral,Somewhat Challenge,Slightly Challenging,Neutral,,,,,,,,,,,,,,,,,,,,,,,,,,,,Extremely Significant,Not significant at all,Not significant at all,,Other (please specify),Nothing. I dont enjoy the sport,NBA,,Watch TV,,,,,,,,,,,,35-44,Female,White or Caucasian,,Employed full-time,,"$25,000 - $49,999",,0
100,173,0.899999976,"Baseball,Others(Please specify, and the answer can be more than one sport)",(American) Football,,,,,,,,,,Somewhat Exciting,Somewhat Exciting,Somewhat Exciting,Slightly Exciting,Slightly Exciting,Online news websites,,No,,,,,,,,,,,,,,,,,,,,Not significant at all,Not significant at all,Extremely Significant,all of them,"Pure love of soccer,Rooting for local teams",,"MLB,NBA,NHL,NFL",,"Go to the court/stadium..., etc.,Watch TV,Watch online livestreams",,Single Game Ticket,,,$50,,Others,,,,free (yarrrr!),45-54,Male,White or Caucasian,,Employed full-time,,"$75,000 - $99,999",Why does the annual salary question allow you to select multiple options?,1
100,110,0.899999976,"Others(Please specify, and the answer can be more than one sport)",Football,,,,,,,,,,Somewhat Exciting,Somewhat Exciting,Neutral,Very Exciting,Slightly Exciting,Never,,No,,,,,,,,,,,,,,,,,,,,Neutral,Not significant at all,Somewhat Significant,Football,Rooting for local teams,,NFL,,"Watch TV,Watch online livestreams",,,,,,,Single Game Payment,,,0,,25-34,Non-binary / third gender,Black or African American,,Unemployed,,"Under $25,000",,1
100,138,0.899999976,"Basketball,Baseball,Ice Hockey",,,,,,,,,,,Somewhat Exciting,Somewhat Exciting,Somewhat Exciting,Very Exciting,Not Exciting at all,Television broadcasts,,No,,,,,,,,,,,,,,,,,,,,Neutral,Somewhat Significant,Somewhat Significant,Basketball,Rooting for local teams,,"MLB,NBA,NHL,NFL",,Watch TV,,,,,,,,,,,,55-64,Female,White or Caucasian,,Employed full-time,,"$50,000 - $74,999",,1
100,93,0.899999976,"Basketball,Baseball,Soccer",,,,,,,,,,,Somewhat Exciting,Somewhat Exciting,Somewhat Exciting,Very Exciting,Somewhat Exciting,"Television broadcasts,Social media",,No,,,,,,,,,,,,,,,,,,,,Not significant at all,Not significant at all,Extremely Significant,football,Marketing and advertising campaigns,,"MLB,NFL",,Watch TV,,,,,,,,,,,,35-44,Female,White or Caucasian,,Employed full-time,,"$100,000 - $149,999",,1
100,753,0.899999976,"Basketball,Baseball,Others(Please specify, and the answer can be more than one sport)",Football,,,,,,,,,,Somewhat Exciting,Neutral,Very Exciting,Somewhat Exciting,Neutral,Social media,,No,,,,,,,,,,,,,,,,,,,,Neutral,Slightly Significiant,Somewhat Significant,,The fast-paced nature of MLS games,,"MLB,NBA,NFL",,"Watch TV,Watch online livestreams",,,,,,,"Season Payment,Monthly Payment",50,10,,,35-44,Male,White or Caucasian,,Employed full-time,,"$150,000 or more","I like soccer and usually watch things like the world cup. I grew up a big sports fan, but as I have moved into my current state in life I don't have as much time. MLS just hasn't gotten on my radar. I have friends who are big soccer fans and I know MLS is a lower-tier, less competitive league. The best players are in Europe and other leagues. I am sure MLS games are exciting and competitive and still quality soccer, but for someone like me the lack of sustained national attention, the sort of second tier billing etc matter for how much I see MLS and how much time I am going to carve out to watch it",1
100,110,0.899999976,No,,Somewhat Likely,Very Likely,Somewhat Unlikely,Neutral,Somewhat Unlikely,Very Challenging,Somewhat Challenge,Somewhat Challenge,Somewhat Challenge,,,,,,,,,,,,,,,,,,,,,,,,,,,,Extremely Significant,Somewhat Significant,Not significant at all,,Other (please specify),storylines of certain players,None,,,,,,,,,,,,,,25-34,Female,Asian,,Employed full-time,,"$25,000 - $49,999",,0
100,202,0.300000012,"Basketball,Soccer",,,,,,,,,,,Slightly Exciting,Neutral,Slightly Exciting,Neutral,Slightly Exciting,"Television broadcasts,Social media",,Yes,2015,Interesting,1-5 years,Columbus,Constant,Watch TV,,,,,,,,,,,," More interactive fan engagement activities, Increased accessibility to watch games (TV, online streaming)",,,,,,,,NFL,,Watch TV,,,,,,,,,,,,35-44,Female,Black or African American,,Employed full-time,,"$25,000 - $49,999",,1
100,147,0.699999988,"Ice Hockey,Others(Please specify, and the answer can be more than one sport)",American football,,,,,,,,,,Very Exciting,Somewhat Exciting,Slightly Exciting,Somewhat Exciting,Not Exciting at all,"Online news websites,Word of mouth (friends, family)",,No,,,,,,,,,,,,,,,,,,,,Somewhat Significant,Not significant at all,Somewhat Significant,,"Pure love of soccer,Rooting for local teams",,"NHL,NFL",,"Watch TV,Other, please specify",just check the scores,,,,,,,,,,,45-54,Male,White or Caucasian,,Retired,,"$150,000 or more",,1
100,93,0.899999976,No,,Somewhat Unlikely,Neutral,Very Unlikely,Very Unlikely,Very Unlikely,Very Challenging,Somewhat Challenge,Not Challenging at all,Not Challenging at all,,,,,,,,,,,,,,,,,,,,,,,,,,,,Extremely Significant,Slightly Significiant,Not significant at all,,Other (please specify),Friends getting me to,None,,,,,,,,,,,,,,25-34,Male,White or Caucasian,,Other (please specify),freelancer,"Under $25,000",,0
100,86,0.899999976,No,,Very Unlikely,Very Likely,Somewhat Unlikely,Somewhat Unlikely,Very Unlikely,Not Challenging at all,Not Challenging at all,Not Challenging at all,Not Challenging at all,,,,,,,,,,,,,,,,,,,,,,,,,,,,Neutral,Not significant at all,Extremely Significant,workout,"Rooting for local teams,The fast-paced nature of MLS games",,NFL,,Watch TV,,,,,,,,,,,,35-44,Female,White or Caucasian,,Employed part-time,,"$150,000 or more",,0
100,143,0.899999976,"Basketball,Baseball",,,,,,,,,,,Slightly Exciting,Slightly Exciting,Not Exciting at all,Not Exciting at all,Slightly Exciting,"Television broadcasts,Social media,Word of mouth (friends, family)",,Yes,2021,Wanted to keep up with news.,1-5 years,LAFC,n/a,"Go to the court/stadium..., etc.,Watch TV",,"Others, please specify",,,,free.,,,,,," Enhanced stadium amenities and services, More interactive fan engagement activities, Better marketing and promotion of MLS",,,,,,,,"MLB,NBA,NFL",,"Go to the court/stadium..., etc.,Watch TV",,"Others, please specify",,,,free,,,,,,25-34,Female,Other,Hispanic,Employed full-time,,"$100,000 - $149,999",awesome study!,1
100,88,0.899999976,No,,Somewhat Likely,Very Likely,Very Unlikely,Very Unlikely,Somewhat Likely,Very Challenging,Very Challenging,Not Challenging at all,Not Challenging at all,,,,,,,,,,,,,,,,,,,,,,,,,,,,Extremely Significant,Slightly Significiant,Not significant at all,,Rooting for local teams,,None,,,,,,,,,,,,,,25-34,Male,White or Caucasian,,Employed full-time,,"$50,000 - $74,999",,0
100,130,0.899999976,"Basketball,Baseball",,,,,,,,,,,Very Exciting,Very Exciting,Somewhat Exciting,Very Exciting,Very Exciting,"Television broadcasts,Social media,Word of mouth (friends, family),MLS official website or app",,Yes,2021,Exciting sport,1-5 years,N/A,Messi - Iconic to the game,"Watch TV,Watch online livestreams",,,,,,,Monthly Payment,,$70,,,"Lower ticket prices, More interactive fan engagement activities",,,,,,,,"MLB,NBA,NFL",,"Watch TV,Watch online livestreams",,,,,,,Monthly Payment,,$70,,,25-34,Male,White or Caucasian,,Employed full-time,,"$150,000 or more",,1
100,219,0.899999976,"Tennis,Others(Please specify, and the answer can be more than one sport)",football,,,,,,,,,,Very Exciting,Very Exciting,Very Exciting,Very Exciting,Neutral,Never,,No,,,,,,,,,,,,,,,,,,,,Not significant at all,Extremely Significant,Extremely Significant,ncaa football,Other (please specify),n/a,NFL,,"Watch TV,Watch online livestreams",,,,,,,Monthly Payment,,89.99,,,55-64,Female,White or Caucasian,,Employed part-time,,"$25,000 - $49,999",,1
100,130,0.899999976,No,,Very Unlikely,Somewhat Unlikely,Very Unlikely,Very Unlikely,Somewhat Likely,Not Challenging at all,Not Challenging at all,Not Challenging at all,Not Challenging at all,,,,,,,,,,,,,,,,,,,,,,,,,,,,Extremely Significant,Extremely Significant,Not significant at all,,Marketing and advertising campaigns,,None,,,,,,,,,,,,,,45-54,Female,White or Caucasian,,Employed part-time,,"Under $25,000",,0
100,156,0.899999976,"Basketball,Soccer",,,,,,,,,,,Very Exciting,Very Exciting,Very Exciting,Very Exciting,Very Exciting,"Television broadcasts,Social media,MLS official website or app",,Yes,2005,The first time I went to a game as a kid.,More than 10 years,DC United,Messi,"Go to the court/stadium..., etc.,Watch TV",,Single Game Ticket,,,75,,,,,,,Lower ticket prices,,,,,,,,"NBA,NFL",,Watch TV,,,,,,,,,,,,25-34,Male,White or Caucasian,,Employed full-time,,"$50,000 - $74,999",,1
100,231,0.899999976,Baseball,,,,,,,,,,,Somewhat Exciting,Somewhat Exciting,Neutral,Somewhat Exciting,Neutral,Television broadcasts,,No,,,,,,,,,,,,,,,,,,,,Somewhat Significant,Slightly Significiant,Somewhat Significant,MLB,The fast-paced nature of MLS games,,MLB,,"Watch TV,Watch online livestreams",,,,,,,Others,,,,n/a,65 or over,Male,White or Caucasian,,Employed full-time,,"$25,000 - $49,999",,1
100,152,0.899999976,"Ice Hockey,Others(Please specify, and the answer can be more than one sport)",Football,,,,,,,,,,Somewhat Exciting,Somewhat Exciting,Somewhat Exciting,Neutral,Somewhat Exciting,"Television broadcasts,Online news websites",,No,,,,,,,,,,,,,,,,,,,,Neutral,Slightly Significiant,Somewhat Significant,,"Marketing and advertising campaigns,The fast-paced nature of MLS games",,"NHL,NFL",,Watch TV,,,,,,,,,,,,45-54,Male,White or Caucasian,,Employed full-time,,"$100,000 - $149,999",,1
100,131,0.899999976,"Others(Please specify, and the answer can be more than one sport)",American Football,,,,,,,,,,Somewhat Exciting,Very Exciting,Somewhat Exciting,Neutral,Neutral,"Television broadcasts,Word of mouth (friends, family)",,No,,,,,,,,,,,,,,,,,,,,Somewhat Significant,Neutral,Neutral,American football,Marketing and advertising campaigns,,"MLB,NBA,NHL,NFL",,Watch TV,,,,,,,,,,,,55-64,Male,White or Caucasian,,Employed full-time,,"$100,000 - $149,999",,1
100,196,0.899999976,Basketball,,,,,,,,,,,Very Exciting,Very Exciting,Very Exciting,Very Exciting,Very Exciting,Television broadcasts,,No,,,,,,,,,,,,,,,,,,,,Not significant at all,Not significant at all,Extremely Significant,basketball,Pure love of soccer,,"NBA,NFL",,"Go to the court/stadium..., etc.,Watch TV,Watch online livestreams",,Season Ticket,300,,,,Season Payment,100,,,,35-44,Female,Black or African American,,Employed full-time,,"Under $25,000",,1
100,184,0.100000001,"Baseball,Others(Please specify, and the answer can be more than one sport)",American Football,,,,,,,,,,Somewhat Exciting,Very Exciting,Somewhat Exciting,Very Exciting,Neutral,"Online news websites,Social media,Word of mouth (friends, family)",,No,,,,,,,,,,,,,,,,,,,,Somewhat Significant,Not significant at all,Extremely Significant,"American Football, Baseball",Rooting for local teams,,"MLB,NFL",,"Go to the court/stadium..., etc.,Watch TV",,Single Game Ticket,,,50,,,,,,,25-34,Female,White or Caucasian,,Employed full-time,,"$75,000 - $99,999",,1
100,191,0.899999976,Tennis,,,,,,,,,,,Somewhat Exciting,Not Exciting at all,Very Exciting,Slightly Exciting,Slightly Exciting,Never,,No,,,,,,,,,,,,,,,,,,,,Not significant at all,Not significant at all,Extremely Significant,tennis,The fast-paced nature of MLS games,,"Other, please specify",Major tennis opens,Watch TV,,,,,,,,,,,,35-44,Female,Asian,,Employed full-time,,"$25,000 - $49,999",,1
100,150,0.899999976,"Basketball,Soccer",,,,,,,,,,,Very Exciting,Somewhat Exciting,Somewhat Exciting,Neutral,Slightly Exciting,"Television broadcasts,Social media",,Yes,2021,it is fun to watch,1-5 years,,,Watch TV,,,,,,,,,,,," Increased accessibility to watch games (TV, online streaming)",,,,,,,,"NBA,NFL",,Watch TV,,,,,,,,,,,,35-44,Male,White or Caucasian,,Employed full-time,,"$75,000 - $99,999",,1
100,267,0.899999976,"Baseball,Others(Please specify, and the answer can be more than one sport)",American Football,,,,,,,,,,Neutral,Very Exciting,Neutral,Very Exciting,Neutral,"Social media,Word of mouth (friends, family)",,No,,,,,,,,,,,,,,,,,,,,Not significant at all,Somewhat Significant,Extremely Significant,baseball's my fav sport,"Rooting for local teams,Marketing and advertising campaigns,The fast-paced nature of MLS games,Other (please specify)",Friends who are interested,"MLB,NFL",,"Go to the court/stadium..., etc.,Watch TV,Watch online livestreams",,Single Game Ticket,,,like a 100 per ticket,,Others,,,,Use a livestream service provider,25-34,Male,Other,Hispanic,Employed part-time,,"$25,000 - $49,999",,1
100,682,0.899999976,No,,Neutral,Somewhat Likely,Somewhat Likely,Somewhat Likely,Somewhat Likely,Somewhat Challenge,Neutral,Somewhat Challenge,Somewhat Challenge,,,,,,,,,,,,,,,,,,,,,,,,,,,,Somewhat Significant,Somewhat Significant,Not significant at all,,Rooting for local teams,,None,,,,,,,,,,,,,,45-54,Female,White or Caucasian,,Employed full-time,,"Under $25,000",,0
100,190,0.899999976,"Others(Please specify, and the answer can be more than one sport)","football, snowboarding",,,,,,,,,,Slightly Exciting,Very Exciting,Neutral,Very Exciting,Not Exciting at all,"Television broadcasts,Online news websites,Social media,Word of mouth (friends, family)",,Yes,2010,friends,More than 10 years,,,Watch online livestreams,,,,,,,Others,,,,NA,"Lower ticket prices, Better marketing and promotion of MLS",,,,,,,,"MLB,NHL,NFL",,"Watch TV,Watch online livestreams",,,,,,,Others,,,,NA,25-34,Female,Asian,,Employed full-time,,"$100,000 - $149,999",,1
100,300,0.899999976,"Others(Please specify, and the answer can be more than one sport)",Football,,,,,,,,,,Somewhat Exciting,Somewhat Exciting,Somewhat Exciting,Neutral,Neutral,Television broadcasts,,No,,,,,,,,,,,,,,,,,,,,Slightly Significiant,Somewhat Significant,Extremely Significant,,The diverse composition of MLS teams,,NFL,,Watch TV,,,,,,,,,,,,45-54,Female,White or Caucasian,,Unemployed,,"Under $25,000",,1
100,180,0.699999988,Ice Hockey,,,,,,,,,,,Very Exciting,Somewhat Exciting,Somewhat Exciting,Neutral,Slightly Exciting,"Television broadcasts,Online news websites",,No,,,,,,,,,,,,,,,,,,,,Somewhat Significant,Neutral,Not significant at all,,"The fast-paced nature of MLS games,The diverse composition of MLS teams",,"NHL,NFL,PGA",,"Go to the court/stadium..., etc.,Watch TV",,Single Game Ticket,,,150,,,,,,,35-44,Female,White or Caucasian,,Employed full-time,,"$150,000 or more",,1
100,263,0.899999976,Ice Hockey,,,,,,,,,,,Very Exciting,Neutral,Very Exciting,Very Exciting,Somewhat Exciting,"Online news websites,Social media",,Yes,2019,MLS looked very interesting. I also started following them because I started playing a Topps soccer collecting card game. ,1-5 years,I support D.C. United because they my local team. ,,Watch online livestreams,,,,,,,Others,,,,Watch for free on certain social media platforms. ,"Lower ticket prices, Enhanced stadium amenities and services, More interactive fan engagement activities, Better marketing and promotion of MLS",,,,,,,,NHL,,"Watch TV,Watch online livestreams",,,,,,,Others,,,,I use free social media online live streams to watch. ,18-24,Female,White or Caucasian,,Student,,"$150,000 or more",,1
100,242,0.899999976,"Others(Please specify, and the answer can be more than one sport)","Football, Boxing, UFC",,,,,,,,,,Slightly Exciting,Neutral,Neutral,Neutral,Neutral,"Online news websites,Social media,Word of mouth (friends, family)",,No,,,,,,,,,,,,,,,,,,,,Slightly Significiant,Not significant at all,Somewhat Significant,"Football, Boxing, UFC","Marketing and advertising campaigns,The fast-paced nature of MLS games,Other (please specify)",Attractive players,"NFL,Other, please specify","Boxing, UFC","Watch TV,Watch online livestreams",,,,,,,"Monthly Payment,Single Game Payment",,"DAZN, Hulu, Amazon Prime",DAZN,,35-44,Female,White or Caucasian,,Other (please specify),Homemaker,"$25,000 - $49,999",,1
100,279,0.899999976,No,,Very Unlikely,Very Likely,Very Unlikely,Very Unlikely,Neutral,Not Challenging at all,Very Challenging,Not Challenging at all,Very Challenging,,,,,,,,,,,,,,,,,,,,,,,,,,,,Extremely Significant,Not significant at all,Extremely Significant,I just don't find sports that important with the problems in the world today.,Pure love of soccer,,None,,,,,,,,,,,,,,35-44,Male,White or Caucasian,,Employed full-time,,"$75,000 - $99,999",,0
100,340,0.899999976,"Basketball,Soccer",,,,,,,,,,,Somewhat Exciting,Very Exciting,Very Exciting,Very Exciting,Neutral,"Television broadcasts,Word of mouth (friends, family)",,Yes,2010,Husband is into it,More than 10 years,No,I just root for whomever my husband is rooting for,Watch TV,,,,,,,,,,,,"Lower ticket prices, More interactive fan engagement activities, Better marketing and promotion of MLS, Increased accessibility to watch games (TV, online streaming)",,,,,,,,NBA,,"Watch TV,Watch online livestreams",,,,,,,"Season Payment,Monthly Payment,Single Game Payment,Others",$500,$75,$15,"Not sure how much it is totally, husband takes care of it",45-54,Female,Asian,,Employed full-time,,"$100,000 - $149,999","Yes, I'm not exactly sure how much the payments are. ",1
100,1188,0.899999976,Soccer,,,,,,,,,,,Slightly Exciting,Neutral,Neutral,Slightly Exciting,Neutral,"Television broadcasts,Online news websites,Social media",,Yes,2,3,1-5 years,miami,hedges,"Go to the court/stadium..., etc.,Watch TV,Watch online livestreams",,Monthly Ticket,,,,,Single Game Payment,,,,," More interactive fan engagement activities, Better marketing and promotion of MLS",,,,,,,,NHL,,"Go to the court/stadium..., etc.,Watch TV",,Monthly Ticket,,,,,,,,,,45-54,Female,White or Caucasian,,Employed full-time,,"$150,000 or more",,1
100,378,0.800000012,No,,Somewhat Likely,Very Likely,Very Unlikely,Somewhat Likely,Very Likely,Very Challenging,Very Challenging,Neutral,Not Challenging at all,,,,,,,,,,,,,,,,,,,,,,,,,,,,Extremely Significant,Not significant at all,Not significant at all,,"Rooting for local teams,The diverse composition of MLS teams",,None,,,,,,,,,,,,,,25-34,Non-binary / third gender,Black or African American,,Employed full-time,,"$75,000 - $99,999",,0
100,387,0.800000012,"Basketball,Baseball,Soccer,Others(Please specify, and the answer can be more than one sport)",Football,,,,,,,,,,Very Exciting,Very Exciting,Very Exciting,Somewhat Exciting,Very Exciting,"Television broadcasts,Online news websites",,Yes,2006,We got a club and i like socccer,More than 10 years,NY Redbulls. Theiry Henry,Theiry Henry then.,"Go to the court/stadium..., etc.,Watch TV,Watch online livestreams",,Single Game Ticket,,,25,,Season Payment,160,,,," Better marketing and promotion of MLS, Other (please specify)",The season is too long and ends in December. Just run along with the rest of the world then.,,,,,,,"MLB,NBA,NFL,Other, please specify",European Football,"Go to the court/stadium..., etc.,Watch TV,Watch online livestreams",,Single Game Ticket,,,50,,Season Payment,300,,,,45-54,Male,White or Caucasian,,Employed full-time,,"$100,000 - $149,999",That was interesting.,1
100,338,0.899999976,"Baseball,Soccer",,,,,,,,,,,Very Exciting,Very Exciting,Very Exciting,Somewhat Exciting,Neutral,"Television broadcasts,Online news websites,MLS official website or app",,Yes,2016,New England Revolution,6-10 years,Revolution as they're my local team,Messi is the GOAT!,Watch TV,,,,,,,,,,,,"Lower ticket prices, More interactive fan engagement activities, Increased accessibility to watch games (TV, online streaming)",,,,,,,,"MLB,NFL",,Watch TV,,,,,,,,,,,,35-44,Male,White or Caucasian,,Employed full-time,,"$100,000 - $149,999",,1
100,390,0.899999976,"Basketball,Tennis,Soccer",,,,,,,,,,,Very Exciting,Somewhat Exciting,Somewhat Exciting,Neutral,Somewhat Exciting,Online news websites,,Yes,2022,I was just curious how good it was compared to the Mexican League,1-5 years,,,Watch TV,,,,,,,,,,,, Better marketing and promotion of MLS,,,,,,,,NBA,,"Go to the court/stadium..., etc.,Watch TV,Watch online livestreams",,Single Game Ticket,,,100,,Season Payment,35,,,,25-34,Female,American Indian or Alaska Native,,Employed full-time,,"$50,000 - $74,999",,1
100,290,0.400000006,No,,Somewhat Likely,Very Likely,Neutral,Somewhat Likely,Somewhat Likely,Somewhat Challenge,Not Challenging at all,Not Challenging at all,Not Challenging at all,,,,,,,,,,,,,,,,,,,,,,,,,,,,Somewhat Significant,Not significant at all,Somewhat Significant,Figure skating ,Rooting for local teams,,"Other, please specify",Figure skating ,Watch online livestreams,,,,,,,Others,,,,Free,55-64,Female,White or Caucasian,,Retired,,"$50,000 - $74,999","Of all the main sports, I like soccer best. Before the pandemic I regularly went to a pub that supported the local mens and womens soccer teams, in Oregon and the games were on the big screen there. I enjoyed playing soccer in school, because Im much better with my feet than with throwing anything. Without a nearby pub that does this since they closed during the pandemic and never opened again, I dont have a social reason to watch. ",0
100,569,0.899999976,"Others(Please specify, and the answer can be more than one sport)",Figure Skating,,,,,,,,,,Somewhat Exciting,Somewhat Exciting,Somewhat Exciting,Somewhat Exciting,Neutral,Online news websites,,No,,,,,,,,,,,,,,,,,,,,Extremely Significant,Somewhat Significant,Extremely Significant,,Rooting for local teams,,NFL,,Watch TV,,,,,,,,,,,,35-44,Female,Asian,,Employed part-time,,"Under $25,000",,1
100,126,0.899999976,"Basketball,Tennis,Others(Please specify, and the answer can be more than one sport)",Football,,,,,,,,,,Very Exciting,Very Exciting,Somewhat Exciting,Somewhat Exciting,Neutral,"Word of mouth (friends, family)",,No,,,,,,,,,,,,,,,,,,,,Not significant at all,Somewhat Significant,Extremely Significant,American Football,"Rooting for local teams,The fast-paced nature of MLS games",,"NBA,NFL",,Watch TV,,,,,,,,,,,,25-34,Male,White or Caucasian,,Unemployed,,"$100,000 - $149,999",N/A; Thank you,1
100,638,0.899999976,"Baseball,Soccer",,,,,,,,,,,Somewhat Exciting,Somewhat Exciting,Neutral,Somewhat Exciting,Somewhat Exciting,"Online news websites,Social media",,Yes,1996,dad,More than 10 years, Bayern Munchen-- this is who my dad supported,no,Watch online livestreams,,,,,,,Monthly Payment,,25,,," More interactive fan engagement activities, Better marketing and promotion of MLS, Increased accessibility to watch games (TV, online streaming)",,,,,,,,MLB,,Watch TV,,,,,,,,,,,,55-64,Female,White or Caucasian,,Employed full-time,,"$50,000 - $74,999",,1
100,889,0.800000012,"Basketball,Baseball,Soccer",,,,,,,,,,,Very Exciting,Very Exciting,Very Exciting,Very Exciting,Somewhat Exciting,"Television broadcasts,Online news websites,Word of mouth (friends, family)",,Yes,2018,friends watch MLS,1-5 years,houston dynamo,Hctor Herrera,"Watch TV,Watch online livestreams",,,,,,,Season Payment,79,,,," Enhanced stadium amenities and services, Better marketing and promotion of MLS, Increased accessibility to watch games (TV, online streaming)",,,,,,,,"NBA,NFL",,"Watch TV,Watch online livestreams",,,,,,,Season Payment,80,,,,35-44,Male,White or Caucasian,,Employed full-time,,"$25,000 - $49,999",,1
100,715,0.899999976,"Basketball,Tennis,Soccer",,,,,,,,,,,Somewhat Exciting,Somewhat Exciting,Very Exciting,Very Exciting,Very Exciting,"Television broadcasts,Social media,MLS official website or app",,Yes,2020,updates,1-5 years,dc united,,"Watch TV,Watch online livestreams",,,,,,,"Season Payment,Monthly Payment",99.99,19,,,"Lower ticket prices, Better marketing and promotion of MLS",,,,,,,,NBA,,"Watch TV,Watch online livestreams",,,,,,,Season Payment,99,,,,35-44,Male,White or Caucasian,,Employed full-time,,"$50,000 - $74,999",,1
100,769,0.300000012,"Soccer,Others(Please specify, and the answer can be more than one sport)",football,,,,,,,,,,Not Exciting at all,Slightly Exciting,Neutral,Neutral,Slightly Exciting,"Television broadcasts,Online news websites,Word of mouth (friends, family)",,Yes,2020,kids got into soccer,1-5 years,Chicago Fire -local team,,"Go to the court/stadium..., etc.,Watch TV",,Single Game Ticket,,,20,,,,,,," Enhanced stadium amenities and services, Increased accessibility to watch games (TV, online streaming)",,,,,,,,"MLB,NFL",,"Go to the court/stadium..., etc.,Watch TV",,Single Game Ticket,,,50,,,,,,,35-44,Male,White or Caucasian,,Employed full-time,,"$150,000 or more",,1
100,497,0.899999976,"Basketball,Ice Hockey,Soccer",,,,,,,,,,,Somewhat Exciting,Somewhat Exciting,Somewhat Exciting,Neutral,Somewhat Exciting,Social media,,Yes,3,updates,1-5 years,,,"Go to the court/stadium..., etc.,Watch TV",,Season Ticket,99,,,,,,,,," More interactive fan engagement activities, Better marketing and promotion of MLS",,,,,,,,None,,,,,,,,,,,,,,25-34,Male,White or Caucasian,,Employed full-time,,"$50,000 - $74,999",,1
100,1264,0.899999976,Basketball,,,,,,,,,,,Slightly Exciting,Not Exciting at all,Somewhat Exciting,Somewhat Exciting,Not Exciting at all,Social media,,No,,,,,,,,,,,,,,,,,,,,Extremely Significant,Slightly Significiant,Not significant at all,I stopped watching sport.,Other (please specify),family members involvement,NBA,,"Other, please specify",YouTube recaps,,,,,,,,,,,45-54,Male,Black or African American,,Employed part-time,,"Under $25,000",,1
100,2124,0.300000012,"Basketball,Tennis,Soccer",,,,,,,,,,,Very Exciting,Very Exciting,Very Exciting,Somewhat Exciting,Very Exciting,"Television broadcasts,Social media,Word of mouth (friends, family),MLS official website or app",,Yes,9,Love the atmosphere,6-10 years,,walker,"Go to the court/stadium..., etc.,Watch TV",,Monthly Ticket,,8,,,,,,,," Enhanced stadium amenities and services, More interactive fan engagement activities",,,,,,,,"NBA,NHL,NFL,PGA",,"Go to the court/stadium..., etc.,Watch TV,Watch online livestreams",,Season Ticket,360,,,,Monthly Payment,,15,,,25-34,Male,Black or African American,,Employed part-time,,"$100,000 - $149,999",,1
100,2144,0.699999988,"Basketball,Ice Hockey,Tennis,Soccer",,,,,,,,,,,Very Exciting,Very Exciting,Very Exciting,Very Exciting,Very Exciting,"Online news websites,Social media,Word of mouth (friends, family),MLS official website or app",,Yes,11,Because of the entertainment ,More than 10 years,Los Angeles Football Club,MESSI,Watch online livestreams,,,,,,,Monthly Payment,,10,,," More interactive fan engagement activities, Increased accessibility to watch games (TV, online streaming)",,,,,,,,"NBA,NHL,NFL",,Watch TV,,,,,,,,,,,,25-34,Male,Black or African American,,Employed part-time,,"$100,000 - $149,999",,1
100,15878,0.899999976,"Basketball,Baseball",,,,,,,,,,,Very Exciting,Very Exciting,Very Exciting,Very Exciting,Very Exciting,"Television broadcasts,Online news websites,Social media",,No,,,,,,,,,,,,,,,,,,,,Not significant at all,Extremely Significant,Neutral,baseball/basketball/football,The fast-paced nature of MLS games,,"MLB,NBA,NFL",,Watch TV,,,,,,,,,,,,25-34,Male,Other,Latino,Unemployed,,"$50,000 - $74,999",,1
